ID,COUNTY,NAME,STNAME,POPESTIMATE2015,CTYNAME,TOT_POP,TOT_MALE,TOT_FEMALE,WHITE,HISPANIC,BLACK,ASIAN,NATIVE,OTHER,1,2,3,4,5,6,7,8,9,10,11,12,13,14,15,16,17,18,00..10,10..15,15..25,25..35,35..50,50..75,75..100,100..150,150..200,200..999,LESS_THAN_HS,HS_DEGREE,SOME_COLLEGE,BS_DEGRE,BS_DEGREE
12,12,Banovce nad Bebravou,Trenciansky,18933,Banovce nad Bebravou,18933,.5,.5,1.0,0.0,0.0,0.0,0.0,0.0,0.07714804356595402,0.07714804356595402,0.07714804356595402,0.07714804356595402,0.03408632513110125,0.04356595401371521,0.05465913674868899,0.06353368293666802,0.07462686567164178,0.06111335215812828,0.07583703106091166,0.07079467527228721,0.06575231948366277,0.06514723678902784,0.05344897135941912,0.030859217426381605,0.021581282775312627,0.01956434045986285,0.19,0.1145,0.3,0.2,0.1,0.055,0.0265,0.008,0.005,0.001,0.4481645824929407,0.036506655909640987,0.409035901573215,,0.10629286002420331
0,0,Banska Bystrica,Banskobystricky,82336,Banska Bystrica,82336,.5,.5,1.0,0.0,0.0,0.0,0.0,0.0,0.07714804356595402,0.07714804356595402,0.07714804356595402,0.07714804356595402,0.03408632513110125,0.04356595401371521,0.05465913674868899,0.06353368293666802,0.07462686567164178,0.06111335215812828,0.07583703106091166,0.07079467527228721,0.06575231948366277,0.06514723678902784,0.05344897135941912,0.030859217426381605,0.021581282775312627,0.01956434045986285,0.19,0.1145,0.3,0.2,0.1,0.055,0.0265,0.008,0.005,0.001,0.4481645824929407,0.036506655909640987,0.409035901573215,,0.10629286002420331
1,1,Banska Stiavnica,Banskobystricky,10191,Banska Stiavnica,10191,.5,.5,1.0,0.0,0.0,0.0,0.0,0.0,0.07714804356595402,0.07714804356595402,0.07714804356595402,0.07714804356595402,0.03408632513110125,0.04356595401371521,0.05465913674868899,0.06353368293666802,0.07462686567164178,0.06111335215812828,0.07583703106091166,0.07079467527228721,0.06575231948366277,0.06514723678902784,0.05344897135941912,0.030859217426381605,0.021581282775312627,0.01956434045986285,0.19,0.1145,0.3,0.2,0.1,0.055,0.0265,0.008,0.005,0.001,0.4481645824929407,0.036506655909640987,0.409035901573215,,0.10629286002420331
2,2,Bardejov,Presovsky,33060,Bardejov,33060,.5,.5,1.0,0.0,0.0,0.0,0.0,0.0,0.07714804356595402,0.07714804356595402,0.07714804356595402,0.07714804356595402,0.03408632513110125,0.04356595401371521,0.05465913674868899,0.06353368293666802,0.07462686567164178,0.06111335215812828,0.07583703106091166,0.07079467527228721,0.06575231948366277,0.06514723678902784,0.05344897135941912,0.030859217426381605,0.021581282775312627,0.01956434045986285,0.19,0.1145,0.3,0.2,0.1,0.055,0.0265,0.008,0.005,0.001,0.4481645824929407,0.036506655909640987,0.409035901573215,,0.10629286002420331
4,4,Besenova,Zilinsky,667,Besenova,667,.5,.5,1.0,0.0,0.0,0.0,0.0,0.0,0.07714804356595402,0.07714804356595402,0.07714804356595402,0.07714804356595402,0.03408632513110125,0.04356595401371521,0.05465913674868899,0.06353368293666802,0.07462686567164178,0.06111335215812828,0.07583703106091166,0.07079467527228721,0.06575231948366277,0.06514723678902784,0.05344897135941912,0.030859217426381605,0.021581282775312627,0.01956434045986285,0.19,0.1145,0.3,0.2,0.1,0.055,0.0265,0.008,0.005,0.001,0.4481645824929407,0.036506655909640987,0.409035901573215,,0.10629286002420331
3,3,Betliar,Kosicky,938,Betliar,938,.5,.5,1.0,0.0,0.0,0.0,0.0,0.0,0.07714804356595402,0.07714804356595402,0.07714804356595402,0.07714804356595402,0.03408632513110125,0.04356595401371521,0.05465913674868899,0.06353368293666802,0.07462686567164178,0.06111335215812828,0.07583703106091166,0.07079467527228721,0.06575231948366277,0.06514723678902784,0.05344897135941912,0.030859217426381605,0.021581282775312627,0.01956434045986285,0.19,0.1145,0.3,0.2,0.1,0.055,0.0265,0.008,0.005,0.001,0.4481645824929407,0.036506655909640987,0.409035901573215,,0.10629286002420331
5,5,Bijacovce,Presovsky,955,Bijacovce,955,.5,.5,1.0,0.0,0.0,0.0,0.0,0.0,0.07714804356595402,0.07714804356595402,0.07714804356595402,0.07714804356595402,0.03408632513110125,0.04356595401371521,0.05465913674868899,0.06353368293666802,0.07462686567164178,0.06111335215812828,0.07583703106091166,0.07079467527228721,0.06575231948366277,0.06514723678902784,0.05344897135941912,0.030859217426381605,0.021581282775312627,0.01956434045986285,0.19,0.1145,0.3,0.2,0.1,0.055,0.0265,0.008,0.005,0.001,0.4481645824929407,0.036506655909640987,0.409035901573215,,0.10629286002420331
6,6,Bojnice,Trenciansky,4934,Bojnice,4934,.5,.5,1.0,0.0,0.0,0.0,0.0,0.0,0.07714804356595402,0.07714804356595402,0.07714804356595402,0.07714804356595402,0.03408632513110125,0.04356595401371521,0.05465913674868899,0.06353368293666802,0.07462686567164178,0.06111335215812828,0.07583703106091166,0.07079467527228721,0.06575231948366277,0.06514723678902784,0.05344897135941912,0.030859217426381605,0.021581282775312627,0.01956434045986285,0.19,0.1145,0.3,0.2,0.1,0.055,0.0265,0.008,0.005,0.001,0.4481645824929407,0.036506655909640987,0.409035901573215,,0.10629286002420331
7,7,Bratislava,Bratislavsky,423737,Bratislava,423737,.5,.5,1.0,0.0,0.0,0.0,0.0,0.0,0.07714804356595402,0.07714804356595402,0.07714804356595402,0.07714804356595402,0.03408632513110125,0.04356595401371521,0.05465913674868899,0.06353368293666802,0.07462686567164178,0.06111335215812828,0.07583703106091166,0.07079467527228721,0.06575231948366277,0.06514723678902784,0.05344897135941912,0.030859217426381605,0.021581282775312627,0.01956434045986285,0.19,0.1145,0.3,0.2,0.1,0.055,0.0265,0.008,0.005,0.001,0.4481645824929407,0.036506655909640987,0.409035901573215,,0.10629286002420331
8,8,Bratislava - Vajnory,Bratislavsky,5484,Bratislava - Vajnory,5484,.5,.5,1.0,0.0,0.0,0.0,0.0,0.0,0.07714804356595402,0.07714804356595402,0.07714804356595402,0.07714804356595402,0.03408632513110125,0.04356595401371521,0.05465913674868899,0.06353368293666802,0.07462686567164178,0.06111335215812828,0.07583703106091166,0.07079467527228721,0.06575231948366277,0.06514723678902784,0.05344897135941912,0.030859217426381605,0.021581282775312627,0.01956434045986285,0.19,0.1145,0.3,0.2,0.1,0.055,0.0265,0.008,0.005,0.001,0.4481645824929407,0.036506655909640987,0.409035901573215,,0.10629286002420331
9,9,Brezno,Banskobystricky,21331,Brezno,21331,.5,.5,1.0,0.0,0.0,0.0,0.0,0.0,0.07714804356595402,0.07714804356595402,0.07714804356595402,0.07714804356595402,0.03408632513110125,0.04356595401371521,0.05465913674868899,0.06353368293666802,0.07462686567164178,0.06111335215812828,0.07583703106091166,0.07079467527228721,0.06575231948366277,0.06514723678902784,0.05344897135941912,0.030859217426381605,0.021581282775312627,0.01956434045986285,0.19,0.1145,0.3,0.2,0.1,0.055,0.0265,0.008,0.005,0.001,0.4481645824929407,0.036506655909640987,0.409035901573215,,0.10629286002420331
10,10,Brezova pod Bradlom,Trenciansky,5567,Brezova pod Bradlom,5567,.5,.5,1.0,0.0,0.0,0.0,0.0,0.0,0.07714804356595402,0.07714804356595402,0.07714804356595402,0.07714804356595402,0.03408632513110125,0.04356595401371521,0.05465913674868899,0.06353368293666802,0.07462686567164178,0.06111335215812828,0.07583703106091166,0.07079467527228721,0.06575231948366277,0.06514723678902784,0.05344897135941912,0.030859217426381605,0.021581282775312627,0.01956434045986285,0.19,0.1145,0.3,0.2,0.1,0.055,0.0265,0.008,0.005,0.001,0.4481645824929407,0.036506655909640987,0.409035901573215,,0.10629286002420331
11,11,Bytca,Zilinsky,11279,Bytca,11279,.5,.5,1.0,0.0,0.0,0.0,0.0,0.0,0.07714804356595402,0.07714804356595402,0.07714804356595402,0.07714804356595402,0.03408632513110125,0.04356595401371521,0.05465913674868899,0.06353368293666802,0.07462686567164178,0.06111335215812828,0.07583703106091166,0.07079467527228721,0.06575231948366277,0.06514723678902784,0.05344897135941912,0.030859217426381605,0.021581282775312627,0.01956434045986285,0.19,0.1145,0.3,0.2,0.1,0.055,0.0265,0.008,0.005,0.001,0.4481645824929407,0.036506655909640987,0.409035901573215,,0.10629286002420331
154,154,Cachtice,Trenciansky,3626,Cachtice,3626,.5,.5,1.0,0.0,0.0,0.0,0.0,0.0,0.07714804356595402,0.07714804356595402,0.07714804356595402,0.07714804356595402,0.03408632513110125,0.04356595401371521,0.05465913674868899,0.06353368293666802,0.07462686567164178,0.06111335215812828,0.07583703106091166,0.07079467527228721,0.06575231948366277,0.06514723678902784,0.05344897135941912,0.030859217426381605,0.021581282775312627,0.01956434045986285,0.19,0.1145,0.3,0.2,0.1,0.055,0.0265,0.008,0.005,0.001,0.4481645824929407,0.036506655909640987,0.409035901573215,,0.10629286002420331
155,155,Cadca,Zilinsky,24670,Cadca,24670,.5,.5,1.0,0.0,0.0,0.0,0.0,0.0,0.07714804356595402,0.07714804356595402,0.07714804356595402,0.07714804356595402,0.03408632513110125,0.04356595401371521,0.05465913674868899,0.06353368293666802,0.07462686567164178,0.06111335215812828,0.07583703106091166,0.07079467527228721,0.06575231948366277,0.06514723678902784,0.05344897135941912,0.030859217426381605,0.021581282775312627,0.01956434045986285,0.19,0.1145,0.3,0.2,0.1,0.055,0.0265,0.008,0.005,0.001,0.4481645824929407,0.036506655909640987,0.409035901573215,,0.10629286002420331
13,13,Chlmec,Presovsky,8031,Chlmec,8031,.5,.5,1.0,0.0,0.0,0.0,0.0,0.0,0.07714804356595402,0.07714804356595402,0.07714804356595402,0.07714804356595402,0.03408632513110125,0.04356595401371521,0.05465913674868899,0.06353368293666802,0.07462686567164178,0.06111335215812828,0.07583703106091166,0.07079467527228721,0.06575231948366277,0.06514723678902784,0.05344897135941912,0.030859217426381605,0.021581282775312627,0.01956434045986285,0.19,0.1145,0.3,0.2,0.1,0.055,0.0265,0.008,0.005,0.001,0.4481645824929407,0.036506655909640987,0.409035901573215,,0.10629286002420331
156,156,Cierna nad Tisou,Kosicky,4645,Cierna nad Tisou,4645,.5,.5,1.0,0.0,0.0,0.0,0.0,0.0,0.07714804356595402,0.07714804356595402,0.07714804356595402,0.07714804356595402,0.03408632513110125,0.04356595401371521,0.05465913674868899,0.06353368293666802,0.07462686567164178,0.06111335215812828,0.07583703106091166,0.07079467527228721,0.06575231948366277,0.06514723678902784,0.05344897135941912,0.030859217426381605,0.021581282775312627,0.01956434045986285,0.19,0.1145,0.3,0.2,0.1,0.055,0.0265,0.008,0.005,0.001,0.4481645824929407,0.036506655909640987,0.409035901573215,,0.10629286002420331
157,157,Cierny Balog,Banskobystricky,5234,Cierny Balog,5234,.5,.5,1.0,0.0,0.0,0.0,0.0,0.0,0.07714804356595402,0.07714804356595402,0.07714804356595402,0.07714804356595402,0.03408632513110125,0.04356595401371521,0.05465913674868899,0.06353368293666802,0.07462686567164178,0.06111335215812828,0.07583703106091166,0.07079467527228721,0.06575231948366277,0.06514723678902784,0.05344897135941912,0.030859217426381605,0.021581282775312627,0.01956434045986285,0.19,0.1145,0.3,0.2,0.1,0.055,0.0265,0.008,0.005,0.001,0.4481645824929407,0.036506655909640987,0.409035901573215,,0.10629286002420331
14,14,Detva,Banskobystricky,15020,Detva,15020,.5,.5,1.0,0.0,0.0,0.0,0.0,0.0,0.07714804356595402,0.07714804356595402,0.07714804356595402,0.07714804356595402,0.03408632513110125,0.04356595401371521,0.05465913674868899,0.06353368293666802,0.07462686567164178,0.06111335215812828,0.07583703106091166,0.07079467527228721,0.06575231948366277,0.06514723678902784,0.05344897135941912,0.030859217426381605,0.021581282775312627,0.01956434045986285,0.19,0.1145,0.3,0.2,0.1,0.055,0.0265,0.008,0.005,0.001,0.4481645824929407,0.036506655909640987,0.409035901573215,,0.10629286002420331
15,15,Devinska Nova Ves,Bratislavsky,550,Devinska Nova Ves,550,.5,.5,1.0,0.0,0.0,0.0,0.0,0.0,0.07714804356595402,0.07714804356595402,0.07714804356595402,0.07714804356595402,0.03408632513110125,0.04356595401371521,0.05465913674868899,0.06353368293666802,0.07462686567164178,0.06111335215812828,0.07583703106091166,0.07079467527228721,0.06575231948366277,0.06514723678902784,0.05344897135941912,0.030859217426381605,0.021581282775312627,0.01956434045986285,0.19,0.1145,0.3,0.2,0.1,0.055,0.0265,0.008,0.005,0.001,0.4481645824929407,0.036506655909640987,0.409035901573215,,0.10629286002420331
16,16,Dobsina,Kosicky,4896,Dobsina,4896,.5,.5,1.0,0.0,0.0,0.0,0.0,0.0,0.07714804356595402,0.07714804356595402,0.07714804356595402,0.07714804356595402,0.03408632513110125,0.04356595401371521,0.05465913674868899,0.06353368293666802,0.07462686567164178,0.06111335215812828,0.07583703106091166,0.07079467527228721,0.06575231948366277,0.06514723678902784,0.05344897135941912,0.030859217426381605,0.021581282775312627,0.01956434045986285,0.19,0.1145,0.3,0.2,0.1,0.055,0.0265,0.008,0.005,0.001,0.4481645824929407,0.036506655909640987,0.409035901573215,,0.10629286002420331
17,17,Dolny Kubin,Zilinsky,18995,Dolny Kubin,18995,.5,.5,1.0,0.0,0.0,0.0,0.0,0.0,0.07714804356595402,0.07714804356595402,0.07714804356595402,0.07714804356595402,0.03408632513110125,0.04356595401371521,0.05465913674868899,0.06353368293666802,0.07462686567164178,0.06111335215812828,0.07583703106091166,0.07079467527228721,0.06575231948366277,0.06514723678902784,0.05344897135941912,0.030859217426381605,0.021581282775312627,0.01956434045986285,0.19,0.1145,0.3,0.2,0.1,0.055,0.0265,0.008,0.005,0.001,0.4481645824929407,0.036506655909640987,0.409035901573215,,0.10629286002420331
18,18,Dubnica nad Vahom,Trenciansky,26617,Dubnica nad Vahom,26617,.5,.5,1.0,0.0,0.0,0.0,0.0,0.0,0.07714804356595402,0.07714804356595402,0.07714804356595402,0.07714804356595402,0.03408632513110125,0.04356595401371521,0.05465913674868899,0.06353368293666802,0.07462686567164178,0.06111335215812828,0.07583703106091166,0.07079467527228721,0.06575231948366277,0.06514723678902784,0.05344897135941912,0.030859217426381605,0.021581282775312627,0.01956434045986285,0.19,0.1145,0.3,0.2,0.1,0.055,0.0265,0.008,0.005,0.001,0.4481645824929407,0.036506655909640987,0.409035901573215,,0.10629286002420331
19,19,Dudince,Banskobystricky,1503,Dudince,1503,.5,.5,1.0,0.0,0.0,0.0,0.0,0.0,0.07714804356595402,0.07714804356595402,0.07714804356595402,0.07714804356595402,0.03408632513110125,0.04356595401371521,0.05465913674868899,0.06353368293666802,0.07462686567164178,0.06111335215812828,0.07583703106091166,0.07079467527228721,0.06575231948366277,0.06514723678902784,0.05344897135941912,0.030859217426381605,0.021581282775312627,0.01956434045986285,0.19,0.1145,0.3,0.2,0.1,0.055,0.0265,0.008,0.005,0.001,0.4481645824929407,0.036506655909640987,0.409035901573215,,0.10629286002420331
20,20,Dunajska Luzna,Bratislavsky,4482,Dunajska Luzna,4482,.5,.5,1.0,0.0,0.0,0.0,0.0,0.0,0.07714804356595402,0.07714804356595402,0.07714804356595402,0.07714804356595402,0.03408632513110125,0.04356595401371521,0.05465913674868899,0.06353368293666802,0.07462686567164178,0.06111335215812828,0.07583703106091166,0.07079467527228721,0.06575231948366277,0.06514723678902784,0.05344897135941912,0.030859217426381605,0.021581282775312627,0.01956434045986285,0.19,0.1145,0.3,0.2,0.1,0.055,0.0265,0.008,0.005,0.001,0.4481645824929407,0.036506655909640987,0.409035901573215,,0.10629286002420331
21,21,Dunajska Streda,Trnavsky,23639,Dunajska Streda,23639,.5,.5,1.0,0.0,0.0,0.0,0.0,0.0,0.07714804356595402,0.07714804356595402,0.07714804356595402,0.07714804356595402,0.03408632513110125,0.04356595401371521,0.05465913674868899,0.06353368293666802,0.07462686567164178,0.06111335215812828,0.07583703106091166,0.07079467527228721,0.06575231948366277,0.06514723678902784,0.05344897135941912,0.030859217426381605,0.021581282775312627,0.01956434045986285,0.19,0.1145,0.3,0.2,0.1,0.055,0.0265,0.008,0.005,0.001,0.4481645824929407,0.036506655909640987,0.409035901573215,,0.10629286002420331
22,22,Filakovo,Banskobystricky,10198,Filakovo,10198,.5,.5,1.0,0.0,0.0,0.0,0.0,0.0,0.07714804356595402,0.07714804356595402,0.07714804356595402,0.07714804356595402,0.03408632513110125,0.04356595401371521,0.05465913674868899,0.06353368293666802,0.07462686567164178,0.06111335215812828,0.07583703106091166,0.07079467527228721,0.06575231948366277,0.06514723678902784,0.05344897135941912,0.030859217426381605,0.021581282775312627,0.01956434045986285,0.19,0.1145,0.3,0.2,0.1,0.055,0.0265,0.008,0.005,0.001,0.4481645824929407,0.036506655909640987,0.409035901573215,,0.10629286002420331
23,23,Gabcikovo,Trnavsky,5343,Gabcikovo,5343,.5,.5,1.0,0.0,0.0,0.0,0.0,0.0,0.07714804356595402,0.07714804356595402,0.07714804356595402,0.07714804356595402,0.03408632513110125,0.04356595401371521,0.05465913674868899,0.06353368293666802,0.07462686567164178,0.06111335215812828,0.07583703106091166,0.07079467527228721,0.06575231948366277,0.06514723678902784,0.05344897135941912,0.030859217426381605,0.021581282775312627,0.01956434045986285,0.19,0.1145,0.3,0.2,0.1,0.055,0.0265,0.008,0.005,0.001,0.4481645824929407,0.036506655909640987,0.409035901573215,,0.10629286002420331
24,24,Galanta,Trnavsky,16365,Galanta,16365,.5,.5,1.0,0.0,0.0,0.0,0.0,0.0,0.07714804356595402,0.07714804356595402,0.07714804356595402,0.07714804356595402,0.03408632513110125,0.04356595401371521,0.05465913674868899,0.06353368293666802,0.07462686567164178,0.06111335215812828,0.07583703106091166,0.07079467527228721,0.06575231948366277,0.06514723678902784,0.05344897135941912,0.030859217426381605,0.021581282775312627,0.01956434045986285,0.19,0.1145,0.3,0.2,0.1,0.055,0.0265,0.008,0.005,0.001,0.4481645824929407,0.036506655909640987,0.409035901573215,,0.10629286002420331
25,25,Gbely,Trnavsky,5223,Gbely,5223,.5,.5,1.0,0.0,0.0,0.0,0.0,0.0,0.07714804356595402,0.07714804356595402,0.07714804356595402,0.07714804356595402,0.03408632513110125,0.04356595401371521,0.05465913674868899,0.06353368293666802,0.07462686567164178,0.06111335215812828,0.07583703106091166,0.07079467527228721,0.06575231948366277,0.06514723678902784,0.05344897135941912,0.030859217426381605,0.021581282775312627,0.01956434045986285,0.19,0.1145,0.3,0.2,0.1,0.055,0.0265,0.008,0.005,0.001,0.4481645824929407,0.036506655909640987,0.409035901573215,,0.10629286002420331
26,26,Gelnica,Kosicky,6404,Gelnica,6404,.5,.5,1.0,0.0,0.0,0.0,0.0,0.0,0.07714804356595402,0.07714804356595402,0.07714804356595402,0.07714804356595402,0.03408632513110125,0.04356595401371521,0.05465913674868899,0.06353368293666802,0.07462686567164178,0.06111335215812828,0.07583703106091166,0.07079467527228721,0.06575231948366277,0.06514723678902784,0.05344897135941912,0.030859217426381605,0.021581282775312627,0.01956434045986285,0.19,0.1145,0.3,0.2,0.1,0.055,0.0265,0.008,0.005,0.001,0.4481645824929407,0.036506655909640987,0.409035901573215,,0.10629286002420331
27,27,Giraltovce,Presovsky,4189,Giraltovce,4189,.5,.5,1.0,0.0,0.0,0.0,0.0,0.0,0.07714804356595402,0.07714804356595402,0.07714804356595402,0.07714804356595402,0.03408632513110125,0.04356595401371521,0.05465913674868899,0.06353368293666802,0.07462686567164178,0.06111335215812828,0.07583703106091166,0.07079467527228721,0.06575231948366277,0.06514723678902784,0.05344897135941912,0.030859217426381605,0.021581282775312627,0.01956434045986285,0.19,0.1145,0.3,0.2,0.1,0.055,0.0265,0.008,0.005,0.001,0.4481645824929407,0.036506655909640987,0.409035901573215,,0.10629286002420331
28,28,Handlova,Trenciansky,18018,Handlova,18018,.5,.5,1.0,0.0,0.0,0.0,0.0,0.0,0.07714804356595402,0.07714804356595402,0.07714804356595402,0.07714804356595402,0.03408632513110125,0.04356595401371521,0.05465913674868899,0.06353368293666802,0.07462686567164178,0.06111335215812828,0.07583703106091166,0.07079467527228721,0.06575231948366277,0.06514723678902784,0.05344897135941912,0.030859217426381605,0.021581282775312627,0.01956434045986285,0.19,0.1145,0.3,0.2,0.1,0.055,0.0265,0.008,0.005,0.001,0.4481645824929407,0.036506655909640987,0.409035901573215,,0.10629286002420331
29,29,Hlohovec,Trnavsky,23930,Hlohovec,23930,.5,.5,1.0,0.0,0.0,0.0,0.0,0.0,0.07714804356595402,0.07714804356595402,0.07714804356595402,0.07714804356595402,0.03408632513110125,0.04356595401371521,0.05465913674868899,0.06353368293666802,0.07462686567164178,0.06111335215812828,0.07583703106091166,0.07079467527228721,0.06575231948366277,0.06514723678902784,0.05344897135941912,0.030859217426381605,0.021581282775312627,0.01956434045986285,0.19,0.1145,0.3,0.2,0.1,0.055,0.0265,0.008,0.005,0.001,0.4481645824929407,0.036506655909640987,0.409035901573215,,0.10629286002420331
30,30,Holic,Trnavsky,11416,Holic,11416,.5,.5,1.0,0.0,0.0,0.0,0.0,0.0,0.07714804356595402,0.07714804356595402,0.07714804356595402,0.07714804356595402,0.03408632513110125,0.04356595401371521,0.05465913674868899,0.06353368293666802,0.07462686567164178,0.06111335215812828,0.07583703106091166,0.07079467527228721,0.06575231948366277,0.06514723678902784,0.05344897135941912,0.030859217426381605,0.021581282775312627,0.01956434045986285,0.19,0.1145,0.3,0.2,0.1,0.055,0.0265,0.008,0.005,0.001,0.4481645824929407,0.036506655909640987,0.409035901573215,,0.10629286002420331
31,31,Hrinova,Banskobystricky,8289,Hrinova,8289,.5,.5,1.0,0.0,0.0,0.0,0.0,0.0,0.07714804356595402,0.07714804356595402,0.07714804356595402,0.07714804356595402,0.03408632513110125,0.04356595401371521,0.05465913674868899,0.06353368293666802,0.07462686567164178,0.06111335215812828,0.07583703106091166,0.07079467527228721,0.06575231948366277,0.06514723678902784,0.05344897135941912,0.030859217426381605,0.021581282775312627,0.01956434045986285,0.19,0.1145,0.3,0.2,0.1,0.055,0.0265,0.008,0.005,0.001,0.4481645824929407,0.036506655909640987,0.409035901573215,,0.10629286002420331
32,32,"Hrochot,Slovakia",Banskobystricky,1500,"Hrochot,Slovakia",1500,.5,.5,1.0,0.0,0.0,0.0,0.0,0.0,0.07714804356595402,0.07714804356595402,0.07714804356595402,0.07714804356595402,0.03408632513110125,0.04356595401371521,0.05465913674868899,0.06353368293666802,0.07462686567164178,0.06111335215812828,0.07583703106091166,0.07079467527228721,0.06575231948366277,0.06514723678902784,0.05344897135941912,0.030859217426381605,0.021581282775312627,0.01956434045986285,0.19,0.1145,0.3,0.2,0.1,0.055,0.0265,0.008,0.005,0.001,0.4481645824929407,0.036506655909640987,0.409035901573215,,0.10629286002420331
33,33,Humenne,Presovsky,35367,Humenne,35367,.5,.5,1.0,0.0,0.0,0.0,0.0,0.0,0.07714804356595402,0.07714804356595402,0.07714804356595402,0.07714804356595402,0.03408632513110125,0.04356595401371521,0.05465913674868899,0.06353368293666802,0.07462686567164178,0.06111335215812828,0.07583703106091166,0.07079467527228721,0.06575231948366277,0.06514723678902784,0.05344897135941912,0.030859217426381605,0.021581282775312627,0.01956434045986285,0.19,0.1145,0.3,0.2,0.1,0.055,0.0265,0.008,0.005,0.001,0.4481645824929407,0.036506655909640987,0.409035901573215,,0.10629286002420331
34,34,Hurbanovo,Nitriansky,8153,Hurbanovo,8153,.5,.5,1.0,0.0,0.0,0.0,0.0,0.0,0.07714804356595402,0.07714804356595402,0.07714804356595402,0.07714804356595402,0.03408632513110125,0.04356595401371521,0.05465913674868899,0.06353368293666802,0.07462686567164178,0.06111335215812828,0.07583703106091166,0.07079467527228721,0.06575231948366277,0.06514723678902784,0.05344897135941912,0.030859217426381605,0.021581282775312627,0.01956434045986285,0.19,0.1145,0.3,0.2,0.1,0.055,0.0265,0.008,0.005,0.001,0.4481645824929407,0.036506655909640987,0.409035901573215,,0.10629286002420331
35,35,Hybe,Zilinsky,1548,Hybe,1548,.5,.5,1.0,0.0,0.0,0.0,0.0,0.0,0.07714804356595402,0.07714804356595402,0.07714804356595402,0.07714804356595402,0.03408632513110125,0.04356595401371521,0.05465913674868899,0.06353368293666802,0.07462686567164178,0.06111335215812828,0.07583703106091166,0.07079467527228721,0.06575231948366277,0.06514723678902784,0.05344897135941912,0.030859217426381605,0.021581282775312627,0.01956434045986285,0.19,0.1145,0.3,0.2,0.1,0.055,0.0265,0.008,0.005,0.001,0.4481645824929407,0.036506655909640987,0.409035901573215,,0.10629286002420331
36,36,Ilava,Trenciansky,5411,Ilava,5411,.5,.5,1.0,0.0,0.0,0.0,0.0,0.0,0.07714804356595402,0.07714804356595402,0.07714804356595402,0.07714804356595402,0.03408632513110125,0.04356595401371521,0.05465913674868899,0.06353368293666802,0.07462686567164178,0.06111335215812828,0.07583703106091166,0.07079467527228721,0.06575231948366277,0.06514723678902784,0.05344897135941912,0.030859217426381605,0.021581282775312627,0.01956434045986285,0.19,0.1145,0.3,0.2,0.1,0.055,0.0265,0.008,0.005,0.001,0.4481645824929407,0.036506655909640987,0.409035901573215,,0.10629286002420331
37,37,Ivanka pri Dunaji,Bratislavsky,6245,Ivanka pri Dunaji,6245,.5,.5,1.0,0.0,0.0,0.0,0.0,0.0,0.07714804356595402,0.07714804356595402,0.07714804356595402,0.07714804356595402,0.03408632513110125,0.04356595401371521,0.05465913674868899,0.06353368293666802,0.07462686567164178,0.06111335215812828,0.07583703106091166,0.07079467527228721,0.06575231948366277,0.06514723678902784,0.05344897135941912,0.030859217426381605,0.021581282775312627,0.01956434045986285,0.19,0.1145,0.3,0.2,0.1,0.055,0.0265,0.008,0.005,0.001,0.4481645824929407,0.036506655909640987,0.409035901573215,,0.10629286002420331
38,38,Kavecany,Kosicky,1287,Kavecany,1287,.5,.5,1.0,0.0,0.0,0.0,0.0,0.0,0.07714804356595402,0.07714804356595402,0.07714804356595402,0.07714804356595402,0.03408632513110125,0.04356595401371521,0.05465913674868899,0.06353368293666802,0.07462686567164178,0.06111335215812828,0.07583703106091166,0.07079467527228721,0.06575231948366277,0.06514723678902784,0.05344897135941912,0.030859217426381605,0.021581282775312627,0.01956434045986285,0.19,0.1145,0.3,0.2,0.1,0.055,0.0265,0.008,0.005,0.001,0.4481645824929407,0.036506655909640987,0.409035901573215,,0.10629286002420331
39,39,Kezmarok,Presovsky,16381,Kezmarok,16381,.5,.5,1.0,0.0,0.0,0.0,0.0,0.0,0.07714804356595402,0.07714804356595402,0.07714804356595402,0.07714804356595402,0.03408632513110125,0.04356595401371521,0.05465913674868899,0.06353368293666802,0.07462686567164178,0.06111335215812828,0.07583703106091166,0.07079467527228721,0.06575231948366277,0.06514723678902784,0.05344897135941912,0.030859217426381605,0.021581282775312627,0.01956434045986285,0.19,0.1145,0.3,0.2,0.1,0.055,0.0265,0.008,0.005,0.001,0.4481645824929407,0.036506655909640987,0.409035901573215,,0.10629286002420331
40,40,Kolarovo,Nitriansky,10823,Kolarovo,10823,.5,.5,1.0,0.0,0.0,0.0,0.0,0.0,0.07714804356595402,0.07714804356595402,0.07714804356595402,0.07714804356595402,0.03408632513110125,0.04356595401371521,0.05465913674868899,0.06353368293666802,0.07462686567164178,0.06111335215812828,0.07583703106091166,0.07079467527228721,0.06575231948366277,0.06514723678902784,0.05344897135941912,0.030859217426381605,0.021581282775312627,0.01956434045986285,0.19,0.1145,0.3,0.2,0.1,0.055,0.0265,0.008,0.005,0.001,0.4481645824929407,0.036506655909640987,0.409035901573215,,0.10629286002420331
41,41,Komarno,Nitriansky,36279,Komarno,36279,.5,.5,1.0,0.0,0.0,0.0,0.0,0.0,0.07714804356595402,0.07714804356595402,0.07714804356595402,0.07714804356595402,0.03408632513110125,0.04356595401371521,0.05465913674868899,0.06353368293666802,0.07462686567164178,0.06111335215812828,0.07583703106091166,0.07079467527228721,0.06575231948366277,0.06514723678902784,0.05344897135941912,0.030859217426381605,0.021581282775312627,0.01956434045986285,0.19,0.1145,0.3,0.2,0.1,0.055,0.0265,0.008,0.005,0.001,0.4481645824929407,0.036506655909640987,0.409035901573215,,0.10629286002420331
42,42,Komarno,Nitriansky,0,Komarno,0,.5,.5,1.0,0.0,0.0,0.0,0.0,0.0,0.07714804356595402,0.07714804356595402,0.07714804356595402,0.07714804356595402,0.03408632513110125,0.04356595401371521,0.05465913674868899,0.06353368293666802,0.07462686567164178,0.06111335215812828,0.07583703106091166,0.07079467527228721,0.06575231948366277,0.06514723678902784,0.05344897135941912,0.030859217426381605,0.021581282775312627,0.01956434045986285,0.19,0.1145,0.3,0.2,0.1,0.055,0.0265,0.008,0.005,0.001,0.4481645824929407,0.036506655909640987,0.409035901573215,,0.10629286002420331
44,44,Kosice,Kosicky,236563,Kosice,236563,.5,.5,1.0,0.0,0.0,0.0,0.0,0.0,0.07714804356595402,0.07714804356595402,0.07714804356595402,0.07714804356595402,0.03408632513110125,0.04356595401371521,0.05465913674868899,0.06353368293666802,0.07462686567164178,0.06111335215812828,0.07583703106091166,0.07079467527228721,0.06575231948366277,0.06514723678902784,0.05344897135941912,0.030859217426381605,0.021581282775312627,0.01956434045986285,0.19,0.1145,0.3,0.2,0.1,0.055,0.0265,0.008,0.005,0.001,0.4481645824929407,0.036506655909640987,0.409035901573215,,0.10629286002420331
43,43,Kovacova,Banskobystricky,1552,Kovacova,1552,.5,.5,1.0,0.0,0.0,0.0,0.0,0.0,0.07714804356595402,0.07714804356595402,0.07714804356595402,0.07714804356595402,0.03408632513110125,0.04356595401371521,0.05465913674868899,0.06353368293666802,0.07462686567164178,0.06111335215812828,0.07583703106091166,0.07079467527228721,0.06575231948366277,0.06514723678902784,0.05344897135941912,0.030859217426381605,0.021581282775312627,0.01956434045986285,0.19,0.1145,0.3,0.2,0.1,0.055,0.0265,0.008,0.005,0.001,0.4481645824929407,0.036506655909640987,0.409035901573215,,0.10629286002420331
45,45,Krasnany,Zilinsky,1231,Krasnany,1231,.5,.5,1.0,0.0,0.0,0.0,0.0,0.0,0.07714804356595402,0.07714804356595402,0.07714804356595402,0.07714804356595402,0.03408632513110125,0.04356595401371521,0.05465913674868899,0.06353368293666802,0.07462686567164178,0.06111335215812828,0.07583703106091166,0.07079467527228721,0.06575231948366277,0.06514723678902784,0.05344897135941912,0.030859217426381605,0.021581282775312627,0.01956434045986285,0.19,0.1145,0.3,0.2,0.1,0.055,0.0265,0.008,0.005,0.001,0.4481645824929407,0.036506655909640987,0.409035901573215,,0.10629286002420331
46,46,Kremnica,Banskobystricky,5356,Kremnica,5356,.5,.5,1.0,0.0,0.0,0.0,0.0,0.0,0.07714804356595402,0.07714804356595402,0.07714804356595402,0.07714804356595402,0.03408632513110125,0.04356595401371521,0.05465913674868899,0.06353368293666802,0.07462686567164178,0.06111335215812828,0.07583703106091166,0.07079467527228721,0.06575231948366277,0.06514723678902784,0.05344897135941912,0.030859217426381605,0.021581282775312627,0.01956434045986285,0.19,0.1145,0.3,0.2,0.1,0.055,0.0265,0.008,0.005,0.001,0.4481645824929407,0.036506655909640987,0.409035901573215,,0.10629286002420331
47,47,Krompachy,Kosicky,8812,Krompachy,8812,.5,.5,1.0,0.0,0.0,0.0,0.0,0.0,0.07714804356595402,0.07714804356595402,0.07714804356595402,0.07714804356595402,0.03408632513110125,0.04356595401371521,0.05465913674868899,0.06353368293666802,0.07462686567164178,0.06111335215812828,0.07583703106091166,0.07079467527228721,0.06575231948366277,0.06514723678902784,0.05344897135941912,0.030859217426381605,0.021581282775312627,0.01956434045986285,0.19,0.1145,0.3,0.2,0.1,0.055,0.0265,0.008,0.005,0.001,0.4481645824929407,0.036506655909640987,0.409035901573215,,0.10629286002420331
48,48,Krupina,Banskobystricky,7991,Krupina,7991,.5,.5,1.0,0.0,0.0,0.0,0.0,0.0,0.07714804356595402,0.07714804356595402,0.07714804356595402,0.07714804356595402,0.03408632513110125,0.04356595401371521,0.05465913674868899,0.06353368293666802,0.07462686567164178,0.06111335215812828,0.07583703106091166,0.07079467527228721,0.06575231948366277,0.06514723678902784,0.05344897135941912,0.030859217426381605,0.021581282775312627,0.01956434045986285,0.19,0.1145,0.3,0.2,0.1,0.055,0.0265,0.008,0.005,0.001,0.4481645824929407,0.036506655909640987,0.409035901573215,,0.10629286002420331
49,49,Krusetnica,Zilinsky,930,Krusetnica,930,.5,.5,1.0,0.0,0.0,0.0,0.0,0.0,0.07714804356595402,0.07714804356595402,0.07714804356595402,0.07714804356595402,0.03408632513110125,0.04356595401371521,0.05465913674868899,0.06353368293666802,0.07462686567164178,0.06111335215812828,0.07583703106091166,0.07079467527228721,0.06575231948366277,0.06514723678902784,0.05344897135941912,0.030859217426381605,0.021581282775312627,0.01956434045986285,0.19,0.1145,0.3,0.2,0.1,0.055,0.0265,0.008,0.005,0.001,0.4481645824929407,0.036506655909640987,0.409035901573215,,0.10629286002420331
50,50,Kysucke Nove Mesto,Zilinsky,16558,Kysucke Nove Mesto,16558,.5,.5,1.0,0.0,0.0,0.0,0.0,0.0,0.07714804356595402,0.07714804356595402,0.07714804356595402,0.07714804356595402,0.03408632513110125,0.04356595401371521,0.05465913674868899,0.06353368293666802,0.07462686567164178,0.06111335215812828,0.07583703106091166,0.07079467527228721,0.06575231948366277,0.06514723678902784,0.05344897135941912,0.030859217426381605,0.021581282775312627,0.01956434045986285,0.19,0.1145,0.3,0.2,0.1,0.055,0.0265,0.008,0.005,0.001,0.4481645824929407,0.036506655909640987,0.409035901573215,,0.10629286002420331
51,51,Lehota pod Vtacnikom,Trenciansky,3929,Lehota pod Vtacnikom,3929,.5,.5,1.0,0.0,0.0,0.0,0.0,0.0,0.07714804356595402,0.07714804356595402,0.07714804356595402,0.07714804356595402,0.03408632513110125,0.04356595401371521,0.05465913674868899,0.06353368293666802,0.07462686567164178,0.06111335215812828,0.07583703106091166,0.07079467527228721,0.06575231948366277,0.06514723678902784,0.05344897135941912,0.030859217426381605,0.021581282775312627,0.01956434045986285,0.19,0.1145,0.3,0.2,0.1,0.055,0.0265,0.008,0.005,0.001,0.4481645824929407,0.036506655909640987,0.409035901573215,,0.10629286002420331
52,52,Leopoldov,Trnavsky,3999,Leopoldov,3999,.5,.5,1.0,0.0,0.0,0.0,0.0,0.0,0.07714804356595402,0.07714804356595402,0.07714804356595402,0.07714804356595402,0.03408632513110125,0.04356595401371521,0.05465913674868899,0.06353368293666802,0.07462686567164178,0.06111335215812828,0.07583703106091166,0.07079467527228721,0.06575231948366277,0.06514723678902784,0.05344897135941912,0.030859217426381605,0.021581282775312627,0.01956434045986285,0.19,0.1145,0.3,0.2,0.1,0.055,0.0265,0.008,0.005,0.001,0.4481645824929407,0.036506655909640987,0.409035901573215,,0.10629286002420331
53,53,Levice,Nitriansky,37574,Levice,37574,.5,.5,1.0,0.0,0.0,0.0,0.0,0.0,0.07714804356595402,0.07714804356595402,0.07714804356595402,0.07714804356595402,0.03408632513110125,0.04356595401371521,0.05465913674868899,0.06353368293666802,0.07462686567164178,0.06111335215812828,0.07583703106091166,0.07079467527228721,0.06575231948366277,0.06514723678902784,0.05344897135941912,0.030859217426381605,0.021581282775312627,0.01956434045986285,0.19,0.1145,0.3,0.2,0.1,0.055,0.0265,0.008,0.005,0.001,0.4481645824929407,0.036506655909640987,0.409035901573215,,0.10629286002420331
54,54,Levoca,Presovsky,14511,Levoca,14511,.5,.5,1.0,0.0,0.0,0.0,0.0,0.0,0.07714804356595402,0.07714804356595402,0.07714804356595402,0.07714804356595402,0.03408632513110125,0.04356595401371521,0.05465913674868899,0.06353368293666802,0.07462686567164178,0.06111335215812828,0.07583703106091166,0.07079467527228721,0.06575231948366277,0.06514723678902784,0.05344897135941912,0.030859217426381605,0.021581282775312627,0.01956434045986285,0.19,0.1145,0.3,0.2,0.1,0.055,0.0265,0.008,0.005,0.001,0.4481645824929407,0.036506655909640987,0.409035901573215,,0.10629286002420331
55,55,Lipany,Presovsky,6130,Lipany,6130,.5,.5,1.0,0.0,0.0,0.0,0.0,0.0,0.07714804356595402,0.07714804356595402,0.07714804356595402,0.07714804356595402,0.03408632513110125,0.04356595401371521,0.05465913674868899,0.06353368293666802,0.07462686567164178,0.06111335215812828,0.07583703106091166,0.07079467527228721,0.06575231948366277,0.06514723678902784,0.05344897135941912,0.030859217426381605,0.021581282775312627,0.01956434045986285,0.19,0.1145,0.3,0.2,0.1,0.055,0.0265,0.008,0.005,0.001,0.4481645824929407,0.036506655909640987,0.409035901573215,,0.10629286002420331
56,56,Liptovska Sielnica,Zilinsky,602,Liptovska Sielnica,602,.5,.5,1.0,0.0,0.0,0.0,0.0,0.0,0.07714804356595402,0.07714804356595402,0.07714804356595402,0.07714804356595402,0.03408632513110125,0.04356595401371521,0.05465913674868899,0.06353368293666802,0.07462686567164178,0.06111335215812828,0.07583703106091166,0.07079467527228721,0.06575231948366277,0.06514723678902784,0.05344897135941912,0.030859217426381605,0.021581282775312627,0.01956434045986285,0.19,0.1145,0.3,0.2,0.1,0.055,0.0265,0.008,0.005,0.001,0.4481645824929407,0.036506655909640987,0.409035901573215,,0.10629286002420331
57,57,Liptovsky Hradok,Zilinsky,7572,Liptovsky Hradok,7572,.5,.5,1.0,0.0,0.0,0.0,0.0,0.0,0.07714804356595402,0.07714804356595402,0.07714804356595402,0.07714804356595402,0.03408632513110125,0.04356595401371521,0.05465913674868899,0.06353368293666802,0.07462686567164178,0.06111335215812828,0.07583703106091166,0.07079467527228721,0.06575231948366277,0.06514723678902784,0.05344897135941912,0.030859217426381605,0.021581282775312627,0.01956434045986285,0.19,0.1145,0.3,0.2,0.1,0.055,0.0265,0.008,0.005,0.001,0.4481645824929407,0.036506655909640987,0.409035901573215,,0.10629286002420331
58,58,Liptovsky Mikulas,Zilinsky,31194,Liptovsky Mikulas,31194,.5,.5,1.0,0.0,0.0,0.0,0.0,0.0,0.07714804356595402,0.07714804356595402,0.07714804356595402,0.07714804356595402,0.03408632513110125,0.04356595401371521,0.05465913674868899,0.06353368293666802,0.07462686567164178,0.06111335215812828,0.07583703106091166,0.07079467527228721,0.06575231948366277,0.06514723678902784,0.05344897135941912,0.030859217426381605,0.021581282775312627,0.01956434045986285,0.19,0.1145,0.3,0.2,0.1,0.055,0.0265,0.008,0.005,0.001,0.4481645824929407,0.036506655909640987,0.409035901573215,,0.10629286002420331
59,59,Liptovsky Trnovec,Zilinsky,550,Liptovsky Trnovec,550,.5,.5,1.0,0.0,0.0,0.0,0.0,0.0,0.07714804356595402,0.07714804356595402,0.07714804356595402,0.07714804356595402,0.03408632513110125,0.04356595401371521,0.05465913674868899,0.06353368293666802,0.07462686567164178,0.06111335215812828,0.07583703106091166,0.07079467527228721,0.06575231948366277,0.06514723678902784,0.05344897135941912,0.030859217426381605,0.021581282775312627,0.01956434045986285,0.19,0.1145,0.3,0.2,0.1,0.055,0.0265,0.008,0.005,0.001,0.4481645824929407,0.036506655909640987,0.409035901573215,,0.10629286002420331
158,158,Lubica,Presovsky,4000,Lubica,4000,.5,.5,1.0,0.0,0.0,0.0,0.0,0.0,0.07714804356595402,0.07714804356595402,0.07714804356595402,0.07714804356595402,0.03408632513110125,0.04356595401371521,0.05465913674868899,0.06353368293666802,0.07462686567164178,0.06111335215812828,0.07583703106091166,0.07079467527228721,0.06575231948366277,0.06514723678902784,0.05344897135941912,0.030859217426381605,0.021581282775312627,0.01956434045986285,0.19,0.1145,0.3,0.2,0.1,0.055,0.0265,0.008,0.005,0.001,0.4481645824929407,0.036506655909640987,0.409035901573215,,0.10629286002420331
60,60,Lucenec,Banskobystricky,28159,Lucenec,28159,.5,.5,1.0,0.0,0.0,0.0,0.0,0.0,0.07714804356595402,0.07714804356595402,0.07714804356595402,0.07714804356595402,0.03408632513110125,0.04356595401371521,0.05465913674868899,0.06353368293666802,0.07462686567164178,0.06111335215812828,0.07583703106091166,0.07079467527228721,0.06575231948366277,0.06514723678902784,0.05344897135941912,0.030859217426381605,0.021581282775312627,0.01956434045986285,0.19,0.1145,0.3,0.2,0.1,0.055,0.0265,0.008,0.005,0.001,0.4481645824929407,0.036506655909640987,0.409035901573215,,0.10629286002420331
61,61,Lucky,Zilinsky,1787,Lucky,1787,.5,.5,1.0,0.0,0.0,0.0,0.0,0.0,0.07714804356595402,0.07714804356595402,0.07714804356595402,0.07714804356595402,0.03408632513110125,0.04356595401371521,0.05465913674868899,0.06353368293666802,0.07462686567164178,0.06111335215812828,0.07583703106091166,0.07079467527228721,0.06575231948366277,0.06514723678902784,0.05344897135941912,0.030859217426381605,0.021581282775312627,0.01956434045986285,0.19,0.1145,0.3,0.2,0.1,0.055,0.0265,0.008,0.005,0.001,0.4481645824929407,0.036506655909640987,0.409035901573215,,0.10629286002420331
62,62,Malacky,Bratislavsky,17773,Malacky,17773,.5,.5,1.0,0.0,0.0,0.0,0.0,0.0,0.07714804356595402,0.07714804356595402,0.07714804356595402,0.07714804356595402,0.03408632513110125,0.04356595401371521,0.05465913674868899,0.06353368293666802,0.07462686567164178,0.06111335215812828,0.07583703106091166,0.07079467527228721,0.06575231948366277,0.06514723678902784,0.05344897135941912,0.030859217426381605,0.021581282775312627,0.01956434045986285,0.19,0.1145,0.3,0.2,0.1,0.055,0.0265,0.008,0.005,0.001,0.4481645824929407,0.036506655909640987,0.409035901573215,,0.10629286002420331
63,63,Marianka,Bratislavsky,1700,Marianka,1700,.5,.5,1.0,0.0,0.0,0.0,0.0,0.0,0.07714804356595402,0.07714804356595402,0.07714804356595402,0.07714804356595402,0.03408632513110125,0.04356595401371521,0.05465913674868899,0.06353368293666802,0.07462686567164178,0.06111335215812828,0.07583703106091166,0.07079467527228721,0.06575231948366277,0.06514723678902784,0.05344897135941912,0.030859217426381605,0.021581282775312627,0.01956434045986285,0.19,0.1145,0.3,0.2,0.1,0.055,0.0265,0.008,0.005,0.001,0.4481645824929407,0.036506655909640987,0.409035901573215,,0.10629286002420331
64,64,Martin,Zilinsky,54618,Martin,54618,.5,.5,1.0,0.0,0.0,0.0,0.0,0.0,0.07714804356595402,0.07714804356595402,0.07714804356595402,0.07714804356595402,0.03408632513110125,0.04356595401371521,0.05465913674868899,0.06353368293666802,0.07462686567164178,0.06111335215812828,0.07583703106091166,0.07079467527228721,0.06575231948366277,0.06514723678902784,0.05344897135941912,0.030859217426381605,0.021581282775312627,0.01956434045986285,0.19,0.1145,0.3,0.2,0.1,0.055,0.0265,0.008,0.005,0.001,0.4481645824929407,0.036506655909640987,0.409035901573215,,0.10629286002420331
65,65,Medzev,Kosicky,3667,Medzev,3667,.5,.5,1.0,0.0,0.0,0.0,0.0,0.0,0.07714804356595402,0.07714804356595402,0.07714804356595402,0.07714804356595402,0.03408632513110125,0.04356595401371521,0.05465913674868899,0.06353368293666802,0.07462686567164178,0.06111335215812828,0.07583703106091166,0.07079467527228721,0.06575231948366277,0.06514723678902784,0.05344897135941912,0.030859217426381605,0.021581282775312627,0.01956434045986285,0.19,0.1145,0.3,0.2,0.1,0.055,0.0265,0.008,0.005,0.001,0.4481645824929407,0.036506655909640987,0.409035901573215,,0.10629286002420331
66,66,Medzilaborce,Presovsky,6741,Medzilaborce,6741,.5,.5,1.0,0.0,0.0,0.0,0.0,0.0,0.07714804356595402,0.07714804356595402,0.07714804356595402,0.07714804356595402,0.03408632513110125,0.04356595401371521,0.05465913674868899,0.06353368293666802,0.07462686567164178,0.06111335215812828,0.07583703106091166,0.07079467527228721,0.06575231948366277,0.06514723678902784,0.05344897135941912,0.030859217426381605,0.021581282775312627,0.01956434045986285,0.19,0.1145,0.3,0.2,0.1,0.055,0.0265,0.008,0.005,0.001,0.4481645824929407,0.036506655909640987,0.409035901573215,,0.10629286002420331
67,67,Michalovce,Kosicky,40360,Michalovce,40360,.5,.5,1.0,0.0,0.0,0.0,0.0,0.0,0.07714804356595402,0.07714804356595402,0.07714804356595402,0.07714804356595402,0.03408632513110125,0.04356595401371521,0.05465913674868899,0.06353368293666802,0.07462686567164178,0.06111335215812828,0.07583703106091166,0.07079467527228721,0.06575231948366277,0.06514723678902784,0.05344897135941912,0.030859217426381605,0.021581282775312627,0.01956434045986285,0.19,0.1145,0.3,0.2,0.1,0.055,0.0265,0.008,0.005,0.001,0.4481645824929407,0.036506655909640987,0.409035901573215,,0.10629286002420331
68,68,Modra,Bratislavsky,8536,Modra,8536,.5,.5,1.0,0.0,0.0,0.0,0.0,0.0,0.07714804356595402,0.07714804356595402,0.07714804356595402,0.07714804356595402,0.03408632513110125,0.04356595401371521,0.05465913674868899,0.06353368293666802,0.07462686567164178,0.06111335215812828,0.07583703106091166,0.07079467527228721,0.06575231948366277,0.06514723678902784,0.05344897135941912,0.030859217426381605,0.021581282775312627,0.01956434045986285,0.19,0.1145,0.3,0.2,0.1,0.055,0.0265,0.008,0.005,0.001,0.4481645824929407,0.036506655909640987,0.409035901573215,,0.10629286002420331
69,69,Moldava nad Bodvou,Kosicky,9525,Moldava nad Bodvou,9525,.5,.5,1.0,0.0,0.0,0.0,0.0,0.0,0.07714804356595402,0.07714804356595402,0.07714804356595402,0.07714804356595402,0.03408632513110125,0.04356595401371521,0.05465913674868899,0.06353368293666802,0.07462686567164178,0.06111335215812828,0.07583703106091166,0.07079467527228721,0.06575231948366277,0.06514723678902784,0.05344897135941912,0.030859217426381605,0.021581282775312627,0.01956434045986285,0.19,0.1145,0.3,0.2,0.1,0.055,0.0265,0.008,0.005,0.001,0.4481645824929407,0.036506655909640987,0.409035901573215,,0.10629286002420331
70,70,Myjava,Trenciansky,13142,Myjava,13142,.5,.5,1.0,0.0,0.0,0.0,0.0,0.0,0.07714804356595402,0.07714804356595402,0.07714804356595402,0.07714804356595402,0.03408632513110125,0.04356595401371521,0.05465913674868899,0.06353368293666802,0.07462686567164178,0.06111335215812828,0.07583703106091166,0.07079467527228721,0.06575231948366277,0.06514723678902784,0.05344897135941912,0.030859217426381605,0.021581282775312627,0.01956434045986285,0.19,0.1145,0.3,0.2,0.1,0.055,0.0265,0.008,0.005,0.001,0.4481645824929407,0.036506655909640987,0.409035901573215,,0.10629286002420331
71,71,Myto pod Dumbierom,Banskobystricky,542,Myto pod Dumbierom,542,.5,.5,1.0,0.0,0.0,0.0,0.0,0.0,0.07714804356595402,0.07714804356595402,0.07714804356595402,0.07714804356595402,0.03408632513110125,0.04356595401371521,0.05465913674868899,0.06353368293666802,0.07462686567164178,0.06111335215812828,0.07583703106091166,0.07079467527228721,0.06575231948366277,0.06514723678902784,0.05344897135941912,0.030859217426381605,0.021581282775312627,0.01956434045986285,0.19,0.1145,0.3,0.2,0.1,0.055,0.0265,0.008,0.005,0.001,0.4481645824929407,0.036506655909640987,0.409035901573215,,0.10629286002420331
81,81,Namestovo,Zilinsky,8135,Namestovo,8135,.5,.5,1.0,0.0,0.0,0.0,0.0,0.0,0.07714804356595402,0.07714804356595402,0.07714804356595402,0.07714804356595402,0.03408632513110125,0.04356595401371521,0.05465913674868899,0.06353368293666802,0.07462686567164178,0.06111335215812828,0.07583703106091166,0.07079467527228721,0.06575231948366277,0.06514723678902784,0.05344897135941912,0.030859217426381605,0.021581282775312627,0.01956434045986285,0.19,0.1145,0.3,0.2,0.1,0.055,0.0265,0.008,0.005,0.001,0.4481645824929407,0.036506655909640987,0.409035901573215,,0.10629286002420331
72,72,Nemsova,Trenciansky,6136,Nemsova,6136,.5,.5,1.0,0.0,0.0,0.0,0.0,0.0,0.07714804356595402,0.07714804356595402,0.07714804356595402,0.07714804356595402,0.03408632513110125,0.04356595401371521,0.05465913674868899,0.06353368293666802,0.07462686567164178,0.06111335215812828,0.07583703106091166,0.07079467527228721,0.06575231948366277,0.06514723678902784,0.05344897135941912,0.030859217426381605,0.021581282775312627,0.01956434045986285,0.19,0.1145,0.3,0.2,0.1,0.055,0.0265,0.008,0.005,0.001,0.4481645824929407,0.036506655909640987,0.409035901573215,,0.10629286002420331
73,73,Nitra,Nitriansky,86329,Nitra,86329,.5,.5,1.0,0.0,0.0,0.0,0.0,0.0,0.07714804356595402,0.07714804356595402,0.07714804356595402,0.07714804356595402,0.03408632513110125,0.04356595401371521,0.05465913674868899,0.06353368293666802,0.07462686567164178,0.06111335215812828,0.07583703106091166,0.07079467527228721,0.06575231948366277,0.06514723678902784,0.05344897135941912,0.030859217426381605,0.021581282775312627,0.01956434045986285,0.19,0.1145,0.3,0.2,0.1,0.055,0.0265,0.008,0.005,0.001,0.4481645824929407,0.036506655909640987,0.409035901573215,,0.10629286002420331
74,74,Nizna,Zilinsky,4020,Nizna,4020,.5,.5,1.0,0.0,0.0,0.0,0.0,0.0,0.07714804356595402,0.07714804356595402,0.07714804356595402,0.07714804356595402,0.03408632513110125,0.04356595401371521,0.05465913674868899,0.06353368293666802,0.07462686567164178,0.06111335215812828,0.07583703106091166,0.07079467527228721,0.06575231948366277,0.06514723678902784,0.05344897135941912,0.030859217426381605,0.021581282775312627,0.01956434045986285,0.19,0.1145,0.3,0.2,0.1,0.055,0.0265,0.008,0.005,0.001,0.4481645824929407,0.036506655909640987,0.409035901573215,,0.10629286002420331
75,75,Nova Bana,Banskobystricky,7505,Nova Bana,7505,.5,.5,1.0,0.0,0.0,0.0,0.0,0.0,0.07714804356595402,0.07714804356595402,0.07714804356595402,0.07714804356595402,0.03408632513110125,0.04356595401371521,0.05465913674868899,0.06353368293666802,0.07462686567164178,0.06111335215812828,0.07583703106091166,0.07079467527228721,0.06575231948366277,0.06514723678902784,0.05344897135941912,0.030859217426381605,0.021581282775312627,0.01956434045986285,0.19,0.1145,0.3,0.2,0.1,0.055,0.0265,0.008,0.005,0.001,0.4481645824929407,0.036506655909640987,0.409035901573215,,0.10629286002420331
76,76,Nova Dubnica,Trenciansky,12358,Nova Dubnica,12358,.5,.5,1.0,0.0,0.0,0.0,0.0,0.0,0.07714804356595402,0.07714804356595402,0.07714804356595402,0.07714804356595402,0.03408632513110125,0.04356595401371521,0.05465913674868899,0.06353368293666802,0.07462686567164178,0.06111335215812828,0.07583703106091166,0.07079467527228721,0.06575231948366277,0.06514723678902784,0.05344897135941912,0.030859217426381605,0.021581282775312627,0.01956434045986285,0.19,0.1145,0.3,0.2,0.1,0.055,0.0265,0.008,0.005,0.001,0.4481645824929407,0.036506655909640987,0.409035901573215,,0.10629286002420331
77,77,Nova Lesna,Presovsky,1520,Nova Lesna,1520,.5,.5,1.0,0.0,0.0,0.0,0.0,0.0,0.07714804356595402,0.07714804356595402,0.07714804356595402,0.07714804356595402,0.03408632513110125,0.04356595401371521,0.05465913674868899,0.06353368293666802,0.07462686567164178,0.06111335215812828,0.07583703106091166,0.07079467527228721,0.06575231948366277,0.06514723678902784,0.05344897135941912,0.030859217426381605,0.021581282775312627,0.01956434045986285,0.19,0.1145,0.3,0.2,0.1,0.055,0.0265,0.008,0.005,0.001,0.4481645824929407,0.036506655909640987,0.409035901573215,,0.10629286002420331
78,78,Novaky,Trenciansky,4402,Novaky,4402,.5,.5,1.0,0.0,0.0,0.0,0.0,0.0,0.07714804356595402,0.07714804356595402,0.07714804356595402,0.07714804356595402,0.03408632513110125,0.04356595401371521,0.05465913674868899,0.06353368293666802,0.07462686567164178,0.06111335215812828,0.07583703106091166,0.07079467527228721,0.06575231948366277,0.06514723678902784,0.05344897135941912,0.030859217426381605,0.021581282775312627,0.01956434045986285,0.19,0.1145,0.3,0.2,0.1,0.055,0.0265,0.008,0.005,0.001,0.4481645824929407,0.036506655909640987,0.409035901573215,,0.10629286002420331
79,79,Nove Mesto nad Vahom,Trenciansky,21527,Nove Mesto nad Vahom,21527,.5,.5,1.0,0.0,0.0,0.0,0.0,0.0,0.07714804356595402,0.07714804356595402,0.07714804356595402,0.07714804356595402,0.03408632513110125,0.04356595401371521,0.05465913674868899,0.06353368293666802,0.07462686567164178,0.06111335215812828,0.07583703106091166,0.07079467527228721,0.06575231948366277,0.06514723678902784,0.05344897135941912,0.030859217426381605,0.021581282775312627,0.01956434045986285,0.19,0.1145,0.3,0.2,0.1,0.055,0.0265,0.008,0.005,0.001,0.4481645824929407,0.036506655909640987,0.409035901573215,,0.10629286002420331
80,80,Nove Zamky,Nitriansky,42044,Nove Zamky,42044,.5,.5,1.0,0.0,0.0,0.0,0.0,0.0,0.07714804356595402,0.07714804356595402,0.07714804356595402,0.07714804356595402,0.03408632513110125,0.04356595401371521,0.05465913674868899,0.06353368293666802,0.07462686567164178,0.06111335215812828,0.07583703106091166,0.07079467527228721,0.06575231948366277,0.06514723678902784,0.05344897135941912,0.030859217426381605,0.021581282775312627,0.01956434045986285,0.19,0.1145,0.3,0.2,0.1,0.055,0.0265,0.008,0.005,0.001,0.4481645824929407,0.036506655909640987,0.409035901573215,,0.10629286002420331
82,82,Oravska Lesna,Zilinsky,3500,Oravska Lesna,3500,.5,.5,1.0,0.0,0.0,0.0,0.0,0.0,0.07714804356595402,0.07714804356595402,0.07714804356595402,0.07714804356595402,0.03408632513110125,0.04356595401371521,0.05465913674868899,0.06353368293666802,0.07462686567164178,0.06111335215812828,0.07583703106091166,0.07079467527228721,0.06575231948366277,0.06514723678902784,0.05344897135941912,0.030859217426381605,0.021581282775312627,0.01956434045986285,0.19,0.1145,0.3,0.2,0.1,0.055,0.0265,0.008,0.005,0.001,0.4481645824929407,0.036506655909640987,0.409035901573215,,0.10629286002420331
83,83,Oravsky Podzamok,Zilinsky,1319,Oravsky Podzamok,1319,.5,.5,1.0,0.0,0.0,0.0,0.0,0.0,0.07714804356595402,0.07714804356595402,0.07714804356595402,0.07714804356595402,0.03408632513110125,0.04356595401371521,0.05465913674868899,0.06353368293666802,0.07462686567164178,0.06111335215812828,0.07583703106091166,0.07079467527228721,0.06575231948366277,0.06514723678902784,0.05344897135941912,0.030859217426381605,0.021581282775312627,0.01956434045986285,0.19,0.1145,0.3,0.2,0.1,0.055,0.0265,0.008,0.005,0.001,0.4481645824929407,0.036506655909640987,0.409035901573215,,0.10629286002420331
94,94,Parnica,Zilinsky,807,Parnica,807,.5,.5,1.0,0.0,0.0,0.0,0.0,0.0,0.07714804356595402,0.07714804356595402,0.07714804356595402,0.07714804356595402,0.03408632513110125,0.04356595401371521,0.05465913674868899,0.06353368293666802,0.07462686567164178,0.06111335215812828,0.07583703106091166,0.07079467527228721,0.06575231948366277,0.06514723678902784,0.05344897135941912,0.030859217426381605,0.021581282775312627,0.01956434045986285,0.19,0.1145,0.3,0.2,0.1,0.055,0.0265,0.008,0.005,0.001,0.4481645824929407,0.036506655909640987,0.409035901573215,,0.10629286002420331
84,84,Partizanske,Trenciansky,24370,Partizanske,24370,.5,.5,1.0,0.0,0.0,0.0,0.0,0.0,0.07714804356595402,0.07714804356595402,0.07714804356595402,0.07714804356595402,0.03408632513110125,0.04356595401371521,0.05465913674868899,0.06353368293666802,0.07462686567164178,0.06111335215812828,0.07583703106091166,0.07079467527228721,0.06575231948366277,0.06514723678902784,0.05344897135941912,0.030859217426381605,0.021581282775312627,0.01956434045986285,0.19,0.1145,0.3,0.2,0.1,0.055,0.0265,0.008,0.005,0.001,0.4481645824929407,0.036506655909640987,0.409035901573215,,0.10629286002420331
85,85,Pezinok,Bratislavsky,21343,Pezinok,21343,.5,.5,1.0,0.0,0.0,0.0,0.0,0.0,0.07714804356595402,0.07714804356595402,0.07714804356595402,0.07714804356595402,0.03408632513110125,0.04356595401371521,0.05465913674868899,0.06353368293666802,0.07462686567164178,0.06111335215812828,0.07583703106091166,0.07079467527228721,0.06575231948366277,0.06514723678902784,0.05344897135941912,0.030859217426381605,0.021581282775312627,0.01956434045986285,0.19,0.1145,0.3,0.2,0.1,0.055,0.0265,0.008,0.005,0.001,0.4481645824929407,0.036506655909640987,0.409035901573215,,0.10629286002420331
86,86,Piestany,Trnavsky,30000,Piestany,30000,.5,.5,1.0,0.0,0.0,0.0,0.0,0.0,0.07714804356595402,0.07714804356595402,0.07714804356595402,0.07714804356595402,0.03408632513110125,0.04356595401371521,0.05465913674868899,0.06353368293666802,0.07462686567164178,0.06111335215812828,0.07583703106091166,0.07079467527228721,0.06575231948366277,0.06514723678902784,0.05344897135941912,0.030859217426381605,0.021581282775312627,0.01956434045986285,0.19,0.1145,0.3,0.2,0.1,0.055,0.0265,0.008,0.005,0.001,0.4481645824929407,0.036506655909640987,0.409035901573215,,0.10629286002420331
87,87,Podolinec,Presovsky,3173,Podolinec,3173,.5,.5,1.0,0.0,0.0,0.0,0.0,0.0,0.07714804356595402,0.07714804356595402,0.07714804356595402,0.07714804356595402,0.03408632513110125,0.04356595401371521,0.05465913674868899,0.06353368293666802,0.07462686567164178,0.06111335215812828,0.07583703106091166,0.07079467527228721,0.06575231948366277,0.06514723678902784,0.05344897135941912,0.030859217426381605,0.021581282775312627,0.01956434045986285,0.19,0.1145,0.3,0.2,0.1,0.055,0.0265,0.008,0.005,0.001,0.4481645824929407,0.036506655909640987,0.409035901573215,,0.10629286002420331
88,88,Poltar,Banskobystricky,6099,Poltar,6099,.5,.5,1.0,0.0,0.0,0.0,0.0,0.0,0.07714804356595402,0.07714804356595402,0.07714804356595402,0.07714804356595402,0.03408632513110125,0.04356595401371521,0.05465913674868899,0.06353368293666802,0.07462686567164178,0.06111335215812828,0.07583703106091166,0.07079467527228721,0.06575231948366277,0.06514723678902784,0.05344897135941912,0.030859217426381605,0.021581282775312627,0.01956434045986285,0.19,0.1145,0.3,0.2,0.1,0.055,0.0265,0.008,0.005,0.001,0.4481645824929407,0.036506655909640987,0.409035901573215,,0.10629286002420331
89,89,Poprad,Presovsky,57431,Poprad,57431,.5,.5,1.0,0.0,0.0,0.0,0.0,0.0,0.07714804356595402,0.07714804356595402,0.07714804356595402,0.07714804356595402,0.03408632513110125,0.04356595401371521,0.05465913674868899,0.06353368293666802,0.07462686567164178,0.06111335215812828,0.07583703106091166,0.07079467527228721,0.06575231948366277,0.06514723678902784,0.05344897135941912,0.030859217426381605,0.021581282775312627,0.01956434045986285,0.19,0.1145,0.3,0.2,0.1,0.055,0.0265,0.008,0.005,0.001,0.4481645824929407,0.036506655909640987,0.409035901573215,,0.10629286002420331
90,90,Povazska Bystrica,Trenciansky,43936,Povazska Bystrica,43936,.5,.5,1.0,0.0,0.0,0.0,0.0,0.0,0.07714804356595402,0.07714804356595402,0.07714804356595402,0.07714804356595402,0.03408632513110125,0.04356595401371521,0.05465913674868899,0.06353368293666802,0.07462686567164178,0.06111335215812828,0.07583703106091166,0.07079467527228721,0.06575231948366277,0.06514723678902784,0.05344897135941912,0.030859217426381605,0.021581282775312627,0.01956434045986285,0.19,0.1145,0.3,0.2,0.1,0.055,0.0265,0.008,0.005,0.001,0.4481645824929407,0.036506655909640987,0.409035901573215,,0.10629286002420331
91,91,Presov,Presovsky,94718,Presov,94718,.5,.5,1.0,0.0,0.0,0.0,0.0,0.0,0.07714804356595402,0.07714804356595402,0.07714804356595402,0.07714804356595402,0.03408632513110125,0.04356595401371521,0.05465913674868899,0.06353368293666802,0.07462686567164178,0.06111335215812828,0.07583703106091166,0.07079467527228721,0.06575231948366277,0.06514723678902784,0.05344897135941912,0.030859217426381605,0.021581282775312627,0.01956434045986285,0.19,0.1145,0.3,0.2,0.1,0.055,0.0265,0.008,0.005,0.001,0.4481645824929407,0.036506655909640987,0.409035901573215,,0.10629286002420331
92,92,Pribylina,Zilinsky,1360,Pribylina,1360,.5,.5,1.0,0.0,0.0,0.0,0.0,0.0,0.07714804356595402,0.07714804356595402,0.07714804356595402,0.07714804356595402,0.03408632513110125,0.04356595401371521,0.05465913674868899,0.06353368293666802,0.07462686567164178,0.06111335215812828,0.07583703106091166,0.07079467527228721,0.06575231948366277,0.06514723678902784,0.05344897135941912,0.030859217426381605,0.021581282775312627,0.01956434045986285,0.19,0.1145,0.3,0.2,0.1,0.055,0.0265,0.008,0.005,0.001,0.4481645824929407,0.036506655909640987,0.409035901573215,,0.10629286002420331
93,93,Prievidza,Trenciansky,52987,Prievidza,52987,.5,.5,1.0,0.0,0.0,0.0,0.0,0.0,0.07714804356595402,0.07714804356595402,0.07714804356595402,0.07714804356595402,0.03408632513110125,0.04356595401371521,0.05465913674868899,0.06353368293666802,0.07462686567164178,0.06111335215812828,0.07583703106091166,0.07079467527228721,0.06575231948366277,0.06514723678902784,0.05344897135941912,0.030859217426381605,0.021581282775312627,0.01956434045986285,0.19,0.1145,0.3,0.2,0.1,0.055,0.0265,0.008,0.005,0.001,0.4481645824929407,0.036506655909640987,0.409035901573215,,0.10629286002420331
95,95,Puchov,Trenciansky,18833,Puchov,18833,.5,.5,1.0,0.0,0.0,0.0,0.0,0.0,0.07714804356595402,0.07714804356595402,0.07714804356595402,0.07714804356595402,0.03408632513110125,0.04356595401371521,0.05465913674868899,0.06353368293666802,0.07462686567164178,0.06111335215812828,0.07583703106091166,0.07079467527228721,0.06575231948366277,0.06514723678902784,0.05344897135941912,0.030859217426381605,0.021581282775312627,0.01956434045986285,0.19,0.1145,0.3,0.2,0.1,0.055,0.0265,0.008,0.005,0.001,0.4481645824929407,0.036506655909640987,0.409035901573215,,0.10629286002420331
96,96,Rajec,Zilinsky,6400,Rajec,6400,.5,.5,1.0,0.0,0.0,0.0,0.0,0.0,0.07714804356595402,0.07714804356595402,0.07714804356595402,0.07714804356595402,0.03408632513110125,0.04356595401371521,0.05465913674868899,0.06353368293666802,0.07462686567164178,0.06111335215812828,0.07583703106091166,0.07079467527228721,0.06575231948366277,0.06514723678902784,0.05344897135941912,0.030859217426381605,0.021581282775312627,0.01956434045986285,0.19,0.1145,0.3,0.2,0.1,0.055,0.0265,0.008,0.005,0.001,0.4481645824929407,0.036506655909640987,0.409035901573215,,0.10629286002420331
97,97,Revuca,Banskobystricky,13466,Revuca,13466,.5,.5,1.0,0.0,0.0,0.0,0.0,0.0,0.07714804356595402,0.07714804356595402,0.07714804356595402,0.07714804356595402,0.03408632513110125,0.04356595401371521,0.05465913674868899,0.06353368293666802,0.07462686567164178,0.06111335215812828,0.07583703106091166,0.07079467527228721,0.06575231948366277,0.06514723678902784,0.05344897135941912,0.030859217426381605,0.021581282775312627,0.01956434045986285,0.19,0.1145,0.3,0.2,0.1,0.055,0.0265,0.008,0.005,0.001,0.4481645824929407,0.036506655909640987,0.409035901573215,,0.10629286002420331
98,98,Rimavska Sobota,Banskobystricky,25235,Rimavska Sobota,25235,.5,.5,1.0,0.0,0.0,0.0,0.0,0.0,0.07714804356595402,0.07714804356595402,0.07714804356595402,0.07714804356595402,0.03408632513110125,0.04356595401371521,0.05465913674868899,0.06353368293666802,0.07462686567164178,0.06111335215812828,0.07583703106091166,0.07079467527228721,0.06575231948366277,0.06514723678902784,0.05344897135941912,0.030859217426381605,0.021581282775312627,0.01956434045986285,0.19,0.1145,0.3,0.2,0.1,0.055,0.0265,0.008,0.005,0.001,0.4481645824929407,0.036506655909640987,0.409035901573215,,0.10629286002420331
99,99,Roznava,Kosicky,19261,Roznava,19261,.5,.5,1.0,0.0,0.0,0.0,0.0,0.0,0.07714804356595402,0.07714804356595402,0.07714804356595402,0.07714804356595402,0.03408632513110125,0.04356595401371521,0.05465913674868899,0.06353368293666802,0.07462686567164178,0.06111335215812828,0.07583703106091166,0.07079467527228721,0.06575231948366277,0.06514723678902784,0.05344897135941912,0.030859217426381605,0.021581282775312627,0.01956434045986285,0.19,0.1145,0.3,0.2,0.1,0.055,0.0265,0.008,0.005,0.001,0.4481645824929407,0.036506655909640987,0.409035901573215,,0.10629286002420331
100,100,Ruzomberok,Zilinsky,30806,Ruzomberok,30806,.5,.5,1.0,0.0,0.0,0.0,0.0,0.0,0.07714804356595402,0.07714804356595402,0.07714804356595402,0.07714804356595402,0.03408632513110125,0.04356595401371521,0.05465913674868899,0.06353368293666802,0.07462686567164178,0.06111335215812828,0.07583703106091166,0.07079467527228721,0.06575231948366277,0.06514723678902784,0.05344897135941912,0.030859217426381605,0.021581282775312627,0.01956434045986285,0.19,0.1145,0.3,0.2,0.1,0.055,0.0265,0.008,0.005,0.001,0.4481645824929407,0.036506655909640987,0.409035901573215,,0.10629286002420331
101,101,Sabinov,Presovsky,12290,Sabinov,12290,.5,.5,1.0,0.0,0.0,0.0,0.0,0.0,0.07714804356595402,0.07714804356595402,0.07714804356595402,0.07714804356595402,0.03408632513110125,0.04356595401371521,0.05465913674868899,0.06353368293666802,0.07462686567164178,0.06111335215812828,0.07583703106091166,0.07079467527228721,0.06575231948366277,0.06514723678902784,0.05344897135941912,0.030859217426381605,0.021581282775312627,0.01956434045986285,0.19,0.1145,0.3,0.2,0.1,0.055,0.0265,0.008,0.005,0.001,0.4481645824929407,0.036506655909640987,0.409035901573215,,0.10629286002420331
159,159,Sahy,Nitriansky,8061,Sahy,8061,.5,.5,1.0,0.0,0.0,0.0,0.0,0.0,0.07714804356595402,0.07714804356595402,0.07714804356595402,0.07714804356595402,0.03408632513110125,0.04356595401371521,0.05465913674868899,0.06353368293666802,0.07462686567164178,0.06111335215812828,0.07583703106091166,0.07079467527228721,0.06575231948366277,0.06514723678902784,0.05344897135941912,0.030859217426381605,0.021581282775312627,0.01956434045986285,0.19,0.1145,0.3,0.2,0.1,0.055,0.0265,0.008,0.005,0.001,0.4481645824929407,0.036506655909640987,0.409035901573215,,0.10629286002420331
161,161,Sala,Nitriansky,24513,Sala,24513,.5,.5,1.0,0.0,0.0,0.0,0.0,0.0,0.07714804356595402,0.07714804356595402,0.07714804356595402,0.07714804356595402,0.03408632513110125,0.04356595401371521,0.05465913674868899,0.06353368293666802,0.07462686567164178,0.06111335215812828,0.07583703106091166,0.07079467527228721,0.06575231948366277,0.06514723678902784,0.05344897135941912,0.030859217426381605,0.021581282775312627,0.01956434045986285,0.19,0.1145,0.3,0.2,0.1,0.055,0.0265,0.008,0.005,0.001,0.4481645824929407,0.036506655909640987,0.409035901573215,,0.10629286002420331
160,160,Samorin,Trnavsky,12143,Samorin,12143,.5,.5,1.0,0.0,0.0,0.0,0.0,0.0,0.07714804356595402,0.07714804356595402,0.07714804356595402,0.07714804356595402,0.03408632513110125,0.04356595401371521,0.05465913674868899,0.06353368293666802,0.07462686567164178,0.06111335215812828,0.07583703106091166,0.07079467527228721,0.06575231948366277,0.06514723678902784,0.05344897135941912,0.030859217426381605,0.021581282775312627,0.01956434045986285,0.19,0.1145,0.3,0.2,0.1,0.055,0.0265,0.008,0.005,0.001,0.4481645824929407,0.036506655909640987,0.409035901573215,,0.10629286002420331
104,104,Secovce,Kosicky,7819,Secovce,7819,.5,.5,1.0,0.0,0.0,0.0,0.0,0.0,0.07714804356595402,0.07714804356595402,0.07714804356595402,0.07714804356595402,0.03408632513110125,0.04356595401371521,0.05465913674868899,0.06353368293666802,0.07462686567164178,0.06111335215812828,0.07583703106091166,0.07079467527228721,0.06575231948366277,0.06514723678902784,0.05344897135941912,0.030859217426381605,0.021581282775312627,0.01956434045986285,0.19,0.1145,0.3,0.2,0.1,0.055,0.0265,0.008,0.005,0.001,0.4481645824929407,0.036506655909640987,0.409035901573215,,0.10629286002420331
102,102,Senec,Bratislavsky,14673,Senec,14673,.5,.5,1.0,0.0,0.0,0.0,0.0,0.0,0.07714804356595402,0.07714804356595402,0.07714804356595402,0.07714804356595402,0.03408632513110125,0.04356595401371521,0.05465913674868899,0.06353368293666802,0.07462686567164178,0.06111335215812828,0.07583703106091166,0.07079467527228721,0.06575231948366277,0.06514723678902784,0.05344897135941912,0.030859217426381605,0.021581282775312627,0.01956434045986285,0.19,0.1145,0.3,0.2,0.1,0.055,0.0265,0.008,0.005,0.001,0.4481645824929407,0.036506655909640987,0.409035901573215,,0.10629286002420331
103,103,Senica,Trnavsky,21741,Senica,21741,.5,.5,1.0,0.0,0.0,0.0,0.0,0.0,0.07714804356595402,0.07714804356595402,0.07714804356595402,0.07714804356595402,0.03408632513110125,0.04356595401371521,0.05465913674868899,0.06353368293666802,0.07462686567164178,0.06111335215812828,0.07583703106091166,0.07079467527228721,0.06575231948366277,0.06514723678902784,0.05344897135941912,0.030859217426381605,0.021581282775312627,0.01956434045986285,0.19,0.1145,0.3,0.2,0.1,0.055,0.0265,0.008,0.005,0.001,0.4481645824929407,0.036506655909640987,0.409035901573215,,0.10629286002420331
105,105,Skalica,Trnavsky,15013,Skalica,15013,.5,.5,1.0,0.0,0.0,0.0,0.0,0.0,0.07714804356595402,0.07714804356595402,0.07714804356595402,0.07714804356595402,0.03408632513110125,0.04356595401371521,0.05465913674868899,0.06353368293666802,0.07462686567164178,0.06111335215812828,0.07583703106091166,0.07079467527228721,0.06575231948366277,0.06514723678902784,0.05344897135941912,0.030859217426381605,0.021581282775312627,0.01956434045986285,0.19,0.1145,0.3,0.2,0.1,0.055,0.0265,0.008,0.005,0.001,0.4481645824929407,0.036506655909640987,0.409035901573215,,0.10629286002420331
106,106,Sladkovicovo,Trnavsky,6078,Sladkovicovo,6078,.5,.5,1.0,0.0,0.0,0.0,0.0,0.0,0.07714804356595402,0.07714804356595402,0.07714804356595402,0.07714804356595402,0.03408632513110125,0.04356595401371521,0.05465913674868899,0.06353368293666802,0.07462686567164178,0.06111335215812828,0.07583703106091166,0.07079467527228721,0.06575231948366277,0.06514723678902784,0.05344897135941912,0.030859217426381605,0.021581282775312627,0.01956434045986285,0.19,0.1145,0.3,0.2,0.1,0.055,0.0265,0.008,0.005,0.001,0.4481645824929407,0.036506655909640987,0.409035901573215,,0.10629286002420331
107,107,Smolenice,Trnavsky,3287,Smolenice,3287,.5,.5,1.0,0.0,0.0,0.0,0.0,0.0,0.07714804356595402,0.07714804356595402,0.07714804356595402,0.07714804356595402,0.03408632513110125,0.04356595401371521,0.05465913674868899,0.06353368293666802,0.07462686567164178,0.06111335215812828,0.07583703106091166,0.07079467527228721,0.06575231948366277,0.06514723678902784,0.05344897135941912,0.030859217426381605,0.021581282775312627,0.01956434045986285,0.19,0.1145,0.3,0.2,0.1,0.055,0.0265,0.008,0.005,0.001,0.4481645824929407,0.036506655909640987,0.409035901573215,,0.10629286002420331
108,108,Snina,Presovsky,22221,Snina,22221,.5,.5,1.0,0.0,0.0,0.0,0.0,0.0,0.07714804356595402,0.07714804356595402,0.07714804356595402,0.07714804356595402,0.03408632513110125,0.04356595401371521,0.05465913674868899,0.06353368293666802,0.07462686567164178,0.06111335215812828,0.07583703106091166,0.07079467527228721,0.06575231948366277,0.06514723678902784,0.05344897135941912,0.030859217426381605,0.021581282775312627,0.01956434045986285,0.19,0.1145,0.3,0.2,0.1,0.055,0.0265,0.008,0.005,0.001,0.4481645824929407,0.036506655909640987,0.409035901573215,,0.10629286002420331
109,109,Sobrance,Kosicky,6262,Sobrance,6262,.5,.5,1.0,0.0,0.0,0.0,0.0,0.0,0.07714804356595402,0.07714804356595402,0.07714804356595402,0.07714804356595402,0.03408632513110125,0.04356595401371521,0.05465913674868899,0.06353368293666802,0.07462686567164178,0.06111335215812828,0.07583703106091166,0.07079467527228721,0.06575231948366277,0.06514723678902784,0.05344897135941912,0.030859217426381605,0.021581282775312627,0.01956434045986285,0.19,0.1145,0.3,0.2,0.1,0.055,0.0265,0.008,0.005,0.001,0.4481645824929407,0.036506655909640987,0.409035901573215,,0.10629286002420331
110,110,Spisska Bela,Presovsky,6136,Spisska Bela,6136,.5,.5,1.0,0.0,0.0,0.0,0.0,0.0,0.07714804356595402,0.07714804356595402,0.07714804356595402,0.07714804356595402,0.03408632513110125,0.04356595401371521,0.05465913674868899,0.06353368293666802,0.07462686567164178,0.06111335215812828,0.07583703106091166,0.07079467527228721,0.06575231948366277,0.06514723678902784,0.05344897135941912,0.030859217426381605,0.021581282775312627,0.01956434045986285,0.19,0.1145,0.3,0.2,0.1,0.055,0.0265,0.008,0.005,0.001,0.4481645824929407,0.036506655909640987,0.409035901573215,,0.10629286002420331
111,111,Spisska Nova Ves,Kosicky,39195,Spisska Nova Ves,39195,.5,.5,1.0,0.0,0.0,0.0,0.0,0.0,0.07714804356595402,0.07714804356595402,0.07714804356595402,0.07714804356595402,0.03408632513110125,0.04356595401371521,0.05465913674868899,0.06353368293666802,0.07462686567164178,0.06111335215812828,0.07583703106091166,0.07079467527228721,0.06575231948366277,0.06514723678902784,0.05344897135941912,0.030859217426381605,0.021581282775312627,0.01956434045986285,0.19,0.1145,0.3,0.2,0.1,0.055,0.0265,0.008,0.005,0.001,0.4481645824929407,0.036506655909640987,0.409035901573215,,0.10629286002420331
112,112,Spisske Podhradie,Presovsky,3780,Spisske Podhradie,3780,.5,.5,1.0,0.0,0.0,0.0,0.0,0.0,0.07714804356595402,0.07714804356595402,0.07714804356595402,0.07714804356595402,0.03408632513110125,0.04356595401371521,0.05465913674868899,0.06353368293666802,0.07462686567164178,0.06111335215812828,0.07583703106091166,0.07079467527228721,0.06575231948366277,0.06514723678902784,0.05344897135941912,0.030859217426381605,0.021581282775312627,0.01956434045986285,0.19,0.1145,0.3,0.2,0.1,0.055,0.0265,0.008,0.005,0.001,0.4481645824929407,0.036506655909640987,0.409035901573215,,0.10629286002420331
114,114,Stara Lubovna,Presovsky,16000,Stara Lubovna,16000,.5,.5,1.0,0.0,0.0,0.0,0.0,0.0,0.07714804356595402,0.07714804356595402,0.07714804356595402,0.07714804356595402,0.03408632513110125,0.04356595401371521,0.05465913674868899,0.06353368293666802,0.07462686567164178,0.06111335215812828,0.07583703106091166,0.07079467527228721,0.06575231948366277,0.06514723678902784,0.05344897135941912,0.030859217426381605,0.021581282775312627,0.01956434045986285,0.19,0.1145,0.3,0.2,0.1,0.055,0.0265,0.008,0.005,0.001,0.4481645824929407,0.036506655909640987,0.409035901573215,,0.10629286002420331
113,113,Stara Tura,Trenciansky,10291,Stara Tura,10291,.5,.5,1.0,0.0,0.0,0.0,0.0,0.0,0.07714804356595402,0.07714804356595402,0.07714804356595402,0.07714804356595402,0.03408632513110125,0.04356595401371521,0.05465913674868899,0.06353368293666802,0.07462686567164178,0.06111335215812828,0.07583703106091166,0.07079467527228721,0.06575231948366277,0.06514723678902784,0.05344897135941912,0.030859217426381605,0.021581282775312627,0.01956434045986285,0.19,0.1145,0.3,0.2,0.1,0.055,0.0265,0.008,0.005,0.001,0.4481645824929407,0.036506655909640987,0.409035901573215,,0.10629286002420331
115,115,Stary Smokovec,Presovsky,1000,Stary Smokovec,1000,.5,.5,1.0,0.0,0.0,0.0,0.0,0.0,0.07714804356595402,0.07714804356595402,0.07714804356595402,0.07714804356595402,0.03408632513110125,0.04356595401371521,0.05465913674868899,0.06353368293666802,0.07462686567164178,0.06111335215812828,0.07583703106091166,0.07079467527228721,0.06575231948366277,0.06514723678902784,0.05344897135941912,0.030859217426381605,0.021581282775312627,0.01956434045986285,0.19,0.1145,0.3,0.2,0.1,0.055,0.0265,0.008,0.005,0.001,0.4481645824929407,0.036506655909640987,0.409035901573215,,0.10629286002420331
117,117,Straza,Zilinsky,657,Straza,657,.5,.5,1.0,0.0,0.0,0.0,0.0,0.0,0.07714804356595402,0.07714804356595402,0.07714804356595402,0.07714804356595402,0.03408632513110125,0.04356595401371521,0.05465913674868899,0.06353368293666802,0.07462686567164178,0.06111335215812828,0.07583703106091166,0.07079467527228721,0.06575231948366277,0.06514723678902784,0.05344897135941912,0.030859217426381605,0.021581282775312627,0.01956434045986285,0.19,0.1145,0.3,0.2,0.1,0.055,0.0265,0.008,0.005,0.001,0.4481645824929407,0.036506655909640987,0.409035901573215,,0.10629286002420331
118,118,Strazske,Kosicky,4474,Strazske,4474,.5,.5,1.0,0.0,0.0,0.0,0.0,0.0,0.07714804356595402,0.07714804356595402,0.07714804356595402,0.07714804356595402,0.03408632513110125,0.04356595401371521,0.05465913674868899,0.06353368293666802,0.07462686567164178,0.06111335215812828,0.07583703106091166,0.07079467527228721,0.06575231948366277,0.06514723678902784,0.05344897135941912,0.030859217426381605,0.021581282775312627,0.01956434045986285,0.19,0.1145,0.3,0.2,0.1,0.055,0.0265,0.008,0.005,0.001,0.4481645824929407,0.036506655909640987,0.409035901573215,,0.10629286002420331
162,162,Strba,Presovsky,3600,Strba,3600,.5,.5,1.0,0.0,0.0,0.0,0.0,0.0,0.07714804356595402,0.07714804356595402,0.07714804356595402,0.07714804356595402,0.03408632513110125,0.04356595401371521,0.05465913674868899,0.06353368293666802,0.07462686567164178,0.06111335215812828,0.07583703106091166,0.07079467527228721,0.06575231948366277,0.06514723678902784,0.05344897135941912,0.030859217426381605,0.021581282775312627,0.01956434045986285,0.19,0.1145,0.3,0.2,0.1,0.055,0.0265,0.008,0.005,0.001,0.4481645824929407,0.036506655909640987,0.409035901573215,,0.10629286002420331
116,116,Stropkov,Presovsky,10874,Stropkov,10874,.5,.5,1.0,0.0,0.0,0.0,0.0,0.0,0.07714804356595402,0.07714804356595402,0.07714804356595402,0.07714804356595402,0.03408632513110125,0.04356595401371521,0.05465913674868899,0.06353368293666802,0.07462686567164178,0.06111335215812828,0.07583703106091166,0.07079467527228721,0.06575231948366277,0.06514723678902784,0.05344897135941912,0.030859217426381605,0.021581282775312627,0.01956434045986285,0.19,0.1145,0.3,0.2,0.1,0.055,0.0265,0.008,0.005,0.001,0.4481645824929407,0.036506655909640987,0.409035901573215,,0.10629286002420331
119,119,Stupava,Bratislavsky,8063,Stupava,8063,.5,.5,1.0,0.0,0.0,0.0,0.0,0.0,0.07714804356595402,0.07714804356595402,0.07714804356595402,0.07714804356595402,0.03408632513110125,0.04356595401371521,0.05465913674868899,0.06353368293666802,0.07462686567164178,0.06111335215812828,0.07583703106091166,0.07079467527228721,0.06575231948366277,0.06514723678902784,0.05344897135941912,0.030859217426381605,0.021581282775312627,0.01956434045986285,0.19,0.1145,0.3,0.2,0.1,0.055,0.0265,0.008,0.005,0.001,0.4481645824929407,0.036506655909640987,0.409035901573215,,0.10629286002420331
163,163,Sturovo,Nitriansky,11708,Sturovo,11708,.5,.5,1.0,0.0,0.0,0.0,0.0,0.0,0.07714804356595402,0.07714804356595402,0.07714804356595402,0.07714804356595402,0.03408632513110125,0.04356595401371521,0.05465913674868899,0.06353368293666802,0.07462686567164178,0.06111335215812828,0.07583703106091166,0.07079467527228721,0.06575231948366277,0.06514723678902784,0.05344897135941912,0.030859217426381605,0.021581282775312627,0.01956434045986285,0.19,0.1145,0.3,0.2,0.1,0.055,0.0265,0.008,0.005,0.001,0.4481645824929407,0.036506655909640987,0.409035901573215,,0.10629286002420331
164,164,Surany,Nitriansky,10491,Surany,10491,.5,.5,1.0,0.0,0.0,0.0,0.0,0.0,0.07714804356595402,0.07714804356595402,0.07714804356595402,0.07714804356595402,0.03408632513110125,0.04356595401371521,0.05465913674868899,0.06353368293666802,0.07462686567164178,0.06111335215812828,0.07583703106091166,0.07079467527228721,0.06575231948366277,0.06514723678902784,0.05344897135941912,0.030859217426381605,0.021581282775312627,0.01956434045986285,0.19,0.1145,0.3,0.2,0.1,0.055,0.0265,0.008,0.005,0.001,0.4481645824929407,0.036506655909640987,0.409035901573215,,0.10629286002420331
123,123,Svaty Anton,Banskobystricky,1172,Svaty Anton,1172,.5,.5,1.0,0.0,0.0,0.0,0.0,0.0,0.07714804356595402,0.07714804356595402,0.07714804356595402,0.07714804356595402,0.03408632513110125,0.04356595401371521,0.05465913674868899,0.06353368293666802,0.07462686567164178,0.06111335215812828,0.07583703106091166,0.07079467527228721,0.06575231948366277,0.06514723678902784,0.05344897135941912,0.030859217426381605,0.021581282775312627,0.01956434045986285,0.19,0.1145,0.3,0.2,0.1,0.055,0.0265,0.008,0.005,0.001,0.4481645824929407,0.036506655909640987,0.409035901573215,,0.10629286002420331
124,124,Svaty Jur,Bratislavsky,4614,Svaty Jur,4614,.5,.5,1.0,0.0,0.0,0.0,0.0,0.0,0.07714804356595402,0.07714804356595402,0.07714804356595402,0.07714804356595402,0.03408632513110125,0.04356595401371521,0.05465913674868899,0.06353368293666802,0.07462686567164178,0.06111335215812828,0.07583703106091166,0.07079467527228721,0.06575231948366277,0.06514723678902784,0.05344897135941912,0.030859217426381605,0.021581282775312627,0.01956434045986285,0.19,0.1145,0.3,0.2,0.1,0.055,0.0265,0.008,0.005,0.001,0.4481645824929407,0.036506655909640987,0.409035901573215,,0.10629286002420331
125,125,Svaty Kriz,Zilinsky,811,Svaty Kriz,811,.5,.5,1.0,0.0,0.0,0.0,0.0,0.0,0.07714804356595402,0.07714804356595402,0.07714804356595402,0.07714804356595402,0.03408632513110125,0.04356595401371521,0.05465913674868899,0.06353368293666802,0.07462686567164178,0.06111335215812828,0.07583703106091166,0.07079467527228721,0.06575231948366277,0.06514723678902784,0.05344897135941912,0.030859217426381605,0.021581282775312627,0.01956434045986285,0.19,0.1145,0.3,0.2,0.1,0.055,0.0265,0.008,0.005,0.001,0.4481645824929407,0.036506655909640987,0.409035901573215,,0.10629286002420331
120,120,Svidnik,Presovsky,12428,Svidnik,12428,.5,.5,1.0,0.0,0.0,0.0,0.0,0.0,0.07714804356595402,0.07714804356595402,0.07714804356595402,0.07714804356595402,0.03408632513110125,0.04356595401371521,0.05465913674868899,0.06353368293666802,0.07462686567164178,0.06111335215812828,0.07583703106091166,0.07079467527228721,0.06575231948366277,0.06514723678902784,0.05344897135941912,0.030859217426381605,0.021581282775312627,0.01956434045986285,0.19,0.1145,0.3,0.2,0.1,0.055,0.0265,0.008,0.005,0.001,0.4481645824929407,0.036506655909640987,0.409035901573215,,0.10629286002420331
121,121,Svit,Presovsky,7445,Svit,7445,.5,.5,1.0,0.0,0.0,0.0,0.0,0.0,0.07714804356595402,0.07714804356595402,0.07714804356595402,0.07714804356595402,0.03408632513110125,0.04356595401371521,0.05465913674868899,0.06353368293666802,0.07462686567164178,0.06111335215812828,0.07583703106091166,0.07079467527228721,0.06575231948366277,0.06514723678902784,0.05344897135941912,0.030859217426381605,0.021581282775312627,0.01956434045986285,0.19,0.1145,0.3,0.2,0.1,0.055,0.0265,0.008,0.005,0.001,0.4481645824929407,0.036506655909640987,0.409035901573215,,0.10629286002420331
122,122,Svodin,Nitriansky,2649,Svodin,2649,.5,.5,1.0,0.0,0.0,0.0,0.0,0.0,0.07714804356595402,0.07714804356595402,0.07714804356595402,0.07714804356595402,0.03408632513110125,0.04356595401371521,0.05465913674868899,0.06353368293666802,0.07462686567164178,0.06111335215812828,0.07583703106091166,0.07079467527228721,0.06575231948366277,0.06514723678902784,0.05344897135941912,0.030859217426381605,0.021581282775312627,0.01956434045986285,0.19,0.1145,0.3,0.2,0.1,0.055,0.0265,0.008,0.005,0.001,0.4481645824929407,0.036506655909640987,0.409035901573215,,0.10629286002420331
126,126,Tatranska Lomnica,Presovsky,800,Tatranska Lomnica,800,.5,.5,1.0,0.0,0.0,0.0,0.0,0.0,0.07714804356595402,0.07714804356595402,0.07714804356595402,0.07714804356595402,0.03408632513110125,0.04356595401371521,0.05465913674868899,0.06353368293666802,0.07462686567164178,0.06111335215812828,0.07583703106091166,0.07079467527228721,0.06575231948366277,0.06514723678902784,0.05344897135941912,0.030859217426381605,0.021581282775312627,0.01956434045986285,0.19,0.1145,0.3,0.2,0.1,0.055,0.0265,0.008,0.005,0.001,0.4481645824929407,0.036506655909640987,0.409035901573215,,0.10629286002420331
127,127,Terchova,Zilinsky,4073,Terchova,4073,.5,.5,1.0,0.0,0.0,0.0,0.0,0.0,0.07714804356595402,0.07714804356595402,0.07714804356595402,0.07714804356595402,0.03408632513110125,0.04356595401371521,0.05465913674868899,0.06353368293666802,0.07462686567164178,0.06111335215812828,0.07583703106091166,0.07079467527228721,0.06575231948366277,0.06514723678902784,0.05344897135941912,0.030859217426381605,0.021581282775312627,0.01956434045986285,0.19,0.1145,0.3,0.2,0.1,0.055,0.0265,0.008,0.005,0.001,0.4481645824929407,0.036506655909640987,0.409035901573215,,0.10629286002420331
128,128,Tisovec,Banskobystricky,4215,Tisovec,4215,.5,.5,1.0,0.0,0.0,0.0,0.0,0.0,0.07714804356595402,0.07714804356595402,0.07714804356595402,0.07714804356595402,0.03408632513110125,0.04356595401371521,0.05465913674868899,0.06353368293666802,0.07462686567164178,0.06111335215812828,0.07583703106091166,0.07079467527228721,0.06575231948366277,0.06514723678902784,0.05344897135941912,0.030859217426381605,0.021581282775312627,0.01956434045986285,0.19,0.1145,0.3,0.2,0.1,0.055,0.0265,0.008,0.005,0.001,0.4481645824929407,0.036506655909640987,0.409035901573215,,0.10629286002420331
129,129,Tlmace,Nitriansky,4305,Tlmace,4305,.5,.5,1.0,0.0,0.0,0.0,0.0,0.0,0.07714804356595402,0.07714804356595402,0.07714804356595402,0.07714804356595402,0.03408632513110125,0.04356595401371521,0.05465913674868899,0.06353368293666802,0.07462686567164178,0.06111335215812828,0.07583703106091166,0.07079467527228721,0.06575231948366277,0.06514723678902784,0.05344897135941912,0.030859217426381605,0.021581282775312627,0.01956434045986285,0.19,0.1145,0.3,0.2,0.1,0.055,0.0265,0.008,0.005,0.001,0.4481645824929407,0.036506655909640987,0.409035901573215,,0.10629286002420331
130,130,Topolcany,Nitriansky,0,Topolcany,0,.5,.5,1.0,0.0,0.0,0.0,0.0,0.0,0.07714804356595402,0.07714804356595402,0.07714804356595402,0.07714804356595402,0.03408632513110125,0.04356595401371521,0.05465913674868899,0.06353368293666802,0.07462686567164178,0.06111335215812828,0.07583703106091166,0.07079467527228721,0.06575231948366277,0.06514723678902784,0.05344897135941912,0.030859217426381605,0.021581282775312627,0.01956434045986285,0.19,0.1145,0.3,0.2,0.1,0.055,0.0265,0.008,0.005,0.001,0.4481645824929407,0.036506655909640987,0.409035901573215,,0.10629286002420331
131,131,Trebisov,Kosicky,22947,Trebisov,22947,.5,.5,1.0,0.0,0.0,0.0,0.0,0.0,0.07714804356595402,0.07714804356595402,0.07714804356595402,0.07714804356595402,0.03408632513110125,0.04356595401371521,0.05465913674868899,0.06353368293666802,0.07462686567164178,0.06111335215812828,0.07583703106091166,0.07079467527228721,0.06575231948366277,0.06514723678902784,0.05344897135941912,0.030859217426381605,0.021581282775312627,0.01956434045986285,0.19,0.1145,0.3,0.2,0.1,0.055,0.0265,0.008,0.005,0.001,0.4481645824929407,0.036506655909640987,0.409035901573215,,0.10629286002420331
132,132,Trencianske Teplice,Trenciansky,4438,Trencianske Teplice,4438,.5,.5,1.0,0.0,0.0,0.0,0.0,0.0,0.07714804356595402,0.07714804356595402,0.07714804356595402,0.07714804356595402,0.03408632513110125,0.04356595401371521,0.05465913674868899,0.06353368293666802,0.07462686567164178,0.06111335215812828,0.07583703106091166,0.07079467527228721,0.06575231948366277,0.06514723678902784,0.05344897135941912,0.030859217426381605,0.021581282775312627,0.01956434045986285,0.19,0.1145,0.3,0.2,0.1,0.055,0.0265,0.008,0.005,0.001,0.4481645824929407,0.036506655909640987,0.409035901573215,,0.10629286002420331
133,133,Trencin,Trenciansky,58278,Trencin,58278,.5,.5,1.0,0.0,0.0,0.0,0.0,0.0,0.07714804356595402,0.07714804356595402,0.07714804356595402,0.07714804356595402,0.03408632513110125,0.04356595401371521,0.05465913674868899,0.06353368293666802,0.07462686567164178,0.06111335215812828,0.07583703106091166,0.07079467527228721,0.06575231948366277,0.06514723678902784,0.05344897135941912,0.030859217426381605,0.021581282775312627,0.01956434045986285,0.19,0.1145,0.3,0.2,0.1,0.055,0.0265,0.008,0.005,0.001,0.4481645824929407,0.036506655909640987,0.409035901573215,,0.10629286002420331
134,134,Trnava,Trnavsky,69785,Trnava,69785,.5,.5,1.0,0.0,0.0,0.0,0.0,0.0,0.07714804356595402,0.07714804356595402,0.07714804356595402,0.07714804356595402,0.03408632513110125,0.04356595401371521,0.05465913674868899,0.06353368293666802,0.07462686567164178,0.06111335215812828,0.07583703106091166,0.07079467527228721,0.06575231948366277,0.06514723678902784,0.05344897135941912,0.030859217426381605,0.021581282775312627,0.01956434045986285,0.19,0.1145,0.3,0.2,0.1,0.055,0.0265,0.008,0.005,0.001,0.4481645824929407,0.036506655909640987,0.409035901573215,,0.10629286002420331
135,135,Trstena,Zilinsky,7461,Trstena,7461,.5,.5,1.0,0.0,0.0,0.0,0.0,0.0,0.07714804356595402,0.07714804356595402,0.07714804356595402,0.07714804356595402,0.03408632513110125,0.04356595401371521,0.05465913674868899,0.06353368293666802,0.07462686567164178,0.06111335215812828,0.07583703106091166,0.07079467527228721,0.06575231948366277,0.06514723678902784,0.05344897135941912,0.030859217426381605,0.021581282775312627,0.01956434045986285,0.19,0.1145,0.3,0.2,0.1,0.055,0.0265,0.008,0.005,0.001,0.4481645824929407,0.036506655909640987,0.409035901573215,,0.10629286002420331
137,137,Turcianske Teplice,Zilinsky,0,Turcianske Teplice,0,.5,.5,1.0,0.0,0.0,0.0,0.0,0.0,0.07714804356595402,0.07714804356595402,0.07714804356595402,0.07714804356595402,0.03408632513110125,0.04356595401371521,0.05465913674868899,0.06353368293666802,0.07462686567164178,0.06111335215812828,0.07583703106091166,0.07079467527228721,0.06575231948366277,0.06514723678902784,0.05344897135941912,0.030859217426381605,0.021581282775312627,0.01956434045986285,0.19,0.1145,0.3,0.2,0.1,0.055,0.0265,0.008,0.005,0.001,0.4481645824929407,0.036506655909640987,0.409035901573215,,0.10629286002420331
136,136,Turzovka,Zilinsky,7854,Turzovka,7854,.5,.5,1.0,0.0,0.0,0.0,0.0,0.0,0.07714804356595402,0.07714804356595402,0.07714804356595402,0.07714804356595402,0.03408632513110125,0.04356595401371521,0.05465913674868899,0.06353368293666802,0.07462686567164178,0.06111335215812828,0.07583703106091166,0.07079467527228721,0.06575231948366277,0.06514723678902784,0.05344897135941912,0.030859217426381605,0.021581282775312627,0.01956434045986285,0.19,0.1145,0.3,0.2,0.1,0.055,0.0265,0.008,0.005,0.001,0.4481645824929407,0.036506655909640987,0.409035901573215,,0.10629286002420331
138,138,Tvrdosin,Zilinsky,9544,Tvrdosin,9544,.5,.5,1.0,0.0,0.0,0.0,0.0,0.0,0.07714804356595402,0.07714804356595402,0.07714804356595402,0.07714804356595402,0.03408632513110125,0.04356595401371521,0.05465913674868899,0.06353368293666802,0.07462686567164178,0.06111335215812828,0.07583703106091166,0.07079467527228721,0.06575231948366277,0.06514723678902784,0.05344897135941912,0.030859217426381605,0.021581282775312627,0.01956434045986285,0.19,0.1145,0.3,0.2,0.1,0.055,0.0265,0.008,0.005,0.001,0.4481645824929407,0.036506655909640987,0.409035901573215,,0.10629286002420331
151,151,Vagfuzes,Nitriansky,563,Vagfuzes,563,.5,.5,1.0,0.0,0.0,0.0,0.0,0.0,0.07714804356595402,0.07714804356595402,0.07714804356595402,0.07714804356595402,0.03408632513110125,0.04356595401371521,0.05465913674868899,0.06353368293666802,0.07462686567164178,0.06111335215812828,0.07583703106091166,0.07079467527228721,0.06575231948366277,0.06514723678902784,0.05344897135941912,0.030859217426381605,0.021581282775312627,0.01956434045986285,0.19,0.1145,0.3,0.2,0.1,0.055,0.0265,0.008,0.005,0.001,0.4481645824929407,0.036506655909640987,0.409035901573215,,0.10629286002420331
139,139,Velky Krtis,Banskobystricky,12608,Velky Krtis,12608,.5,.5,1.0,0.0,0.0,0.0,0.0,0.0,0.07714804356595402,0.07714804356595402,0.07714804356595402,0.07714804356595402,0.03408632513110125,0.04356595401371521,0.05465913674868899,0.06353368293666802,0.07462686567164178,0.06111335215812828,0.07583703106091166,0.07079467527228721,0.06575231948366277,0.06514723678902784,0.05344897135941912,0.030859217426381605,0.021581282775312627,0.01956434045986285,0.19,0.1145,0.3,0.2,0.1,0.055,0.0265,0.008,0.005,0.001,0.4481645824929407,0.036506655909640987,0.409035901573215,,0.10629286002420331
140,140,Velky Meder,Trnavsky,9113,Velky Meder,9113,.5,.5,1.0,0.0,0.0,0.0,0.0,0.0,0.07714804356595402,0.07714804356595402,0.07714804356595402,0.07714804356595402,0.03408632513110125,0.04356595401371521,0.05465913674868899,0.06353368293666802,0.07462686567164178,0.06111335215812828,0.07583703106091166,0.07079467527228721,0.06575231948366277,0.06514723678902784,0.05344897135941912,0.030859217426381605,0.021581282775312627,0.01956434045986285,0.19,0.1145,0.3,0.2,0.1,0.055,0.0265,0.008,0.005,0.001,0.4481645824929407,0.036506655909640987,0.409035901573215,,0.10629286002420331
141,141,Vinne,Kosicky,1608,Vinne,1608,.5,.5,1.0,0.0,0.0,0.0,0.0,0.0,0.07714804356595402,0.07714804356595402,0.07714804356595402,0.07714804356595402,0.03408632513110125,0.04356595401371521,0.05465913674868899,0.06353368293666802,0.07462686567164178,0.06111335215812828,0.07583703106091166,0.07079467527228721,0.06575231948366277,0.06514723678902784,0.05344897135941912,0.030859217426381605,0.021581282775312627,0.01956434045986285,0.19,0.1145,0.3,0.2,0.1,0.055,0.0265,0.008,0.005,0.001,0.4481645824929407,0.036506655909640987,0.409035901573215,,0.10629286002420331
142,142,Vinosady,Bratislavsky,1300,Vinosady,1300,.5,.5,1.0,0.0,0.0,0.0,0.0,0.0,0.07714804356595402,0.07714804356595402,0.07714804356595402,0.07714804356595402,0.03408632513110125,0.04356595401371521,0.05465913674868899,0.06353368293666802,0.07462686567164178,0.06111335215812828,0.07583703106091166,0.07079467527228721,0.06575231948366277,0.06514723678902784,0.05344897135941912,0.030859217426381605,0.021581282775312627,0.01956434045986285,0.19,0.1145,0.3,0.2,0.1,0.055,0.0265,0.008,0.005,0.001,0.4481645824929407,0.036506655909640987,0.409035901573215,,0.10629286002420331
143,143,Voznica,Banskobystricky,650,Voznica,650,.5,.5,1.0,0.0,0.0,0.0,0.0,0.0,0.07714804356595402,0.07714804356595402,0.07714804356595402,0.07714804356595402,0.03408632513110125,0.04356595401371521,0.05465913674868899,0.06353368293666802,0.07462686567164178,0.06111335215812828,0.07583703106091166,0.07079467527228721,0.06575231948366277,0.06514723678902784,0.05344897135941912,0.030859217426381605,0.021581282775312627,0.01956434045986285,0.19,0.1145,0.3,0.2,0.1,0.055,0.0265,0.008,0.005,0.001,0.4481645824929407,0.036506655909640987,0.409035901573215,,0.10629286002420331
147,147,Vrable,Nitriansky,9493,Vrable,9493,.5,.5,1.0,0.0,0.0,0.0,0.0,0.0,0.07714804356595402,0.07714804356595402,0.07714804356595402,0.07714804356595402,0.03408632513110125,0.04356595401371521,0.05465913674868899,0.06353368293666802,0.07462686567164178,0.06111335215812828,0.07583703106091166,0.07079467527228721,0.06575231948366277,0.06514723678902784,0.05344897135941912,0.030859217426381605,0.021581282775312627,0.01956434045986285,0.19,0.1145,0.3,0.2,0.1,0.055,0.0265,0.008,0.005,0.001,0.4481645824929407,0.036506655909640987,0.409035901573215,,0.10629286002420331
144,144,Vranov nad Toplou,Presovsky,23246,Vranov nad Toplou,23246,.5,.5,1.0,0.0,0.0,0.0,0.0,0.0,0.07714804356595402,0.07714804356595402,0.07714804356595402,0.07714804356595402,0.03408632513110125,0.04356595401371521,0.05465913674868899,0.06353368293666802,0.07462686567164178,0.06111335215812828,0.07583703106091166,0.07079467527228721,0.06575231948366277,0.06514723678902784,0.05344897135941912,0.030859217426381605,0.021581282775312627,0.01956434045986285,0.19,0.1145,0.3,0.2,0.1,0.055,0.0265,0.008,0.005,0.001,0.4481645824929407,0.036506655909640987,0.409035901573215,,0.10629286002420331
145,145,Vrbov,Presovsky,1455,Vrbov,1455,.5,.5,1.0,0.0,0.0,0.0,0.0,0.0,0.07714804356595402,0.07714804356595402,0.07714804356595402,0.07714804356595402,0.03408632513110125,0.04356595401371521,0.05465913674868899,0.06353368293666802,0.07462686567164178,0.06111335215812828,0.07583703106091166,0.07079467527228721,0.06575231948366277,0.06514723678902784,0.05344897135941912,0.030859217426381605,0.021581282775312627,0.01956434045986285,0.19,0.1145,0.3,0.2,0.1,0.055,0.0265,0.008,0.005,0.001,0.4481645824929407,0.036506655909640987,0.409035901573215,,0.10629286002420331
146,146,Vrbove,Trnavsky,6249,Vrbove,6249,.5,.5,1.0,0.0,0.0,0.0,0.0,0.0,0.07714804356595402,0.07714804356595402,0.07714804356595402,0.07714804356595402,0.03408632513110125,0.04356595401371521,0.05465913674868899,0.06353368293666802,0.07462686567164178,0.06111335215812828,0.07583703106091166,0.07079467527228721,0.06575231948366277,0.06514723678902784,0.05344897135941912,0.030859217426381605,0.021581282775312627,0.01956434045986285,0.19,0.1145,0.3,0.2,0.1,0.055,0.0265,0.008,0.005,0.001,0.4481645824929407,0.036506655909640987,0.409035901573215,,0.10629286002420331
148,148,Vrutky,Zilinsky,7298,Vrutky,7298,.5,.5,1.0,0.0,0.0,0.0,0.0,0.0,0.07714804356595402,0.07714804356595402,0.07714804356595402,0.07714804356595402,0.03408632513110125,0.04356595401371521,0.05465913674868899,0.06353368293666802,0.07462686567164178,0.06111335215812828,0.07583703106091166,0.07079467527228721,0.06575231948366277,0.06514723678902784,0.05344897135941912,0.030859217426381605,0.021581282775312627,0.01956434045986285,0.19,0.1145,0.3,0.2,0.1,0.055,0.0265,0.008,0.005,0.001,0.4481645824929407,0.036506655909640987,0.409035901573215,,0.10629286002420331
150,150,Vysne Ruzbachy,Presovsky,1296,Vysne Ruzbachy,1296,.5,.5,1.0,0.0,0.0,0.0,0.0,0.0,0.07714804356595402,0.07714804356595402,0.07714804356595402,0.07714804356595402,0.03408632513110125,0.04356595401371521,0.05465913674868899,0.06353368293666802,0.07462686567164178,0.06111335215812828,0.07583703106091166,0.07079467527228721,0.06575231948366277,0.06514723678902784,0.05344897135941912,0.030859217426381605,0.021581282775312627,0.01956434045986285,0.19,0.1145,0.3,0.2,0.1,0.055,0.0265,0.008,0.005,0.001,0.4481645824929407,0.036506655909640987,0.409035901573215,,0.10629286002420331
149,149,Vysoke Tatry,Presovsky,4700,Vysoke Tatry,4700,.5,.5,1.0,0.0,0.0,0.0,0.0,0.0,0.07714804356595402,0.07714804356595402,0.07714804356595402,0.07714804356595402,0.03408632513110125,0.04356595401371521,0.05465913674868899,0.06353368293666802,0.07462686567164178,0.06111335215812828,0.07583703106091166,0.07079467527228721,0.06575231948366277,0.06514723678902784,0.05344897135941912,0.030859217426381605,0.021581282775312627,0.01956434045986285,0.19,0.1145,0.3,0.2,0.1,0.055,0.0265,0.008,0.005,0.001,0.4481645824929407,0.036506655909640987,0.409035901573215,,0.10629286002420331
165,165,Zarnovica,Banskobystricky,6596,Zarnovica,6596,.5,.5,1.0,0.0,0.0,0.0,0.0,0.0,0.07714804356595402,0.07714804356595402,0.07714804356595402,0.07714804356595402,0.03408632513110125,0.04356595401371521,0.05465913674868899,0.06353368293666802,0.07462686567164178,0.06111335215812828,0.07583703106091166,0.07079467527228721,0.06575231948366277,0.06514723678902784,0.05344897135941912,0.030859217426381605,0.021581282775312627,0.01956434045986285,0.19,0.1145,0.3,0.2,0.1,0.055,0.0265,0.008,0.005,0.001,0.4481645824929407,0.036506655909640987,0.409035901573215,,0.10629286002420331
166,166,Zdiar,Presovsky,1330,Zdiar,1330,.5,.5,1.0,0.0,0.0,0.0,0.0,0.0,0.07714804356595402,0.07714804356595402,0.07714804356595402,0.07714804356595402,0.03408632513110125,0.04356595401371521,0.05465913674868899,0.06353368293666802,0.07462686567164178,0.06111335215812828,0.07583703106091166,0.07079467527228721,0.06575231948366277,0.06514723678902784,0.05344897135941912,0.030859217426381605,0.021581282775312627,0.01956434045986285,0.19,0.1145,0.3,0.2,0.1,0.055,0.0265,0.008,0.005,0.001,0.4481645824929407,0.036506655909640987,0.409035901573215,,0.10629286002420331
167,167,Zehra,Kosicky,2360,Zehra,2360,.5,.5,1.0,0.0,0.0,0.0,0.0,0.0,0.07714804356595402,0.07714804356595402,0.07714804356595402,0.07714804356595402,0.03408632513110125,0.04356595401371521,0.05465913674868899,0.06353368293666802,0.07462686567164178,0.06111335215812828,0.07583703106091166,0.07079467527228721,0.06575231948366277,0.06514723678902784,0.05344897135941912,0.030859217426381605,0.021581282775312627,0.01956434045986285,0.19,0.1145,0.3,0.2,0.1,0.055,0.0265,0.008,0.005,0.001,0.4481645824929407,0.036506655909640987,0.409035901573215,,0.10629286002420331
168,168,Zeliezovce,Nitriansky,7522,Zeliezovce,7522,.5,.5,1.0,0.0,0.0,0.0,0.0,0.0,0.07714804356595402,0.07714804356595402,0.07714804356595402,0.07714804356595402,0.03408632513110125,0.04356595401371521,0.05465913674868899,0.06353368293666802,0.07462686567164178,0.06111335215812828,0.07583703106091166,0.07079467527228721,0.06575231948366277,0.06514723678902784,0.05344897135941912,0.030859217426381605,0.021581282775312627,0.01956434045986285,0.19,0.1145,0.3,0.2,0.1,0.055,0.0265,0.008,0.005,0.001,0.4481645824929407,0.036506655909640987,0.409035901573215,,0.10629286002420331
169,169,Ziar nad Hronom,Banskobystricky,19392,Ziar nad Hronom,19392,.5,.5,1.0,0.0,0.0,0.0,0.0,0.0,0.07714804356595402,0.07714804356595402,0.07714804356595402,0.07714804356595402,0.03408632513110125,0.04356595401371521,0.05465913674868899,0.06353368293666802,0.07462686567164178,0.06111335215812828,0.07583703106091166,0.07079467527228721,0.06575231948366277,0.06514723678902784,0.05344897135941912,0.030859217426381605,0.021581282775312627,0.01956434045986285,0.19,0.1145,0.3,0.2,0.1,0.055,0.0265,0.008,0.005,0.001,0.4481645824929407,0.036506655909640987,0.409035901573215,,0.10629286002420331
170,170,Zilina,Zilinsky,85985,Zilina,85985,.5,.5,1.0,0.0,0.0,0.0,0.0,0.0,0.07714804356595402,0.07714804356595402,0.07714804356595402,0.07714804356595402,0.03408632513110125,0.04356595401371521,0.05465913674868899,0.06353368293666802,0.07462686567164178,0.06111335215812828,0.07583703106091166,0.07079467527228721,0.06575231948366277,0.06514723678902784,0.05344897135941912,0.030859217426381605,0.021581282775312627,0.01956434045986285,0.19,0.1145,0.3,0.2,0.1,0.055,0.0265,0.008,0.005,0.001,0.4481645824929407,0.036506655909640987,0.409035901573215,,0.10629286002420331
152,152,Zlate Moravce,Nitriansky,15618,Zlate Moravce,15618,.5,.5,1.0,0.0,0.0,0.0,0.0,0.0,0.07714804356595402,0.07714804356595402,0.07714804356595402,0.07714804356595402,0.03408632513110125,0.04356595401371521,0.05465913674868899,0.06353368293666802,0.07462686567164178,0.06111335215812828,0.07583703106091166,0.07079467527228721,0.06575231948366277,0.06514723678902784,0.05344897135941912,0.030859217426381605,0.021581282775312627,0.01956434045986285,0.19,0.1145,0.3,0.2,0.1,0.055,0.0265,0.008,0.005,0.001,0.4481645824929407,0.036506655909640987,0.409035901573215,,0.10629286002420331
153,153,Zvolen,Banskobystricky,44502,Zvolen,44502,.5,.5,1.0,0.0,0.0,0.0,0.0,0.0,0.07714804356595402,0.07714804356595402,0.07714804356595402,0.07714804356595402,0.03408632513110125,0.04356595401371521,0.05465913674868899,0.06353368293666802,0.07462686567164178,0.06111335215812828,0.07583703106091166,0.07079467527228721,0.06575231948366277,0.06514723678902784,0.05344897135941912,0.030859217426381605,0.021581282775312627,0.01956434045986285,0.19,0.1145,0.3,0.2,0.1,0.055,0.0265,0.008,0.005,0.001,0.4481645824929407,0.036506655909640987,0.409035901573215,,0.10629286002420331
