ID,COUNTY,NAME,STNAME,POPESTIMATE2015,CTYNAME,TOT_POP,TOT_MALE,TOT_FEMALE,WHITE,HISPANIC,BLACK,ASIAN,NATIVE,OTHER,1,2,3,4,5,6,7,8,9,10,11,12,13,14,15,16,17,18,00..10,10..15,15..25,25..35,35..50,50..75,75..100,100..150,150..200,200..999,LESS_THAN_HS,HS_DEGREE,SOME_COLLEGE,BS_DEGREE
0,0,Arklow,County Wicklow,11761,Arklow,11761,.5,.5,1.0,0.0,0.0,0.0,0.0,0.0,0.07714804356595402,0.07714804356595402,0.07714804356595402,0.07714804356595402,0.03408632513110125,0.04356595401371521,0.05465913674868899,0.06353368293666802,0.07462686567164178,0.06111335215812828,0.07583703106091166,0.07079467527228721,0.06575231948366277,0.06514723678902784,0.05344897135941912,0.030859217426381605,0.021581282775312627,0.01956434045986285,0.19,0.1145,0.3,0.2,0.1,0.055,0.0265,0.008,0.005,0.001,0.4481645824929407,0.036506655909640987,0.409035901573215,0.10629286002420331
1,1,Ashbourne,County Meath,11355,Ashbourne,11355,.5,.5,1.0,0.0,0.0,0.0,0.0,0.0,0.07714804356595402,0.07714804356595402,0.07714804356595402,0.07714804356595402,0.03408632513110125,0.04356595401371521,0.05465913674868899,0.06353368293666802,0.07462686567164178,0.06111335215812828,0.07583703106091166,0.07079467527228721,0.06575231948366277,0.06514723678902784,0.05344897135941912,0.030859217426381605,0.021581282775312627,0.01956434045986285,0.19,0.1145,0.3,0.2,0.1,0.055,0.0265,0.008,0.005,0.001,0.4481645824929407,0.036506655909640987,0.409035901573215,0.10629286002420331
2,2,Athenry,County Galway,3950,Athenry,3950,.5,.5,1.0,0.0,0.0,0.0,0.0,0.0,0.07714804356595402,0.07714804356595402,0.07714804356595402,0.07714804356595402,0.03408632513110125,0.04356595401371521,0.05465913674868899,0.06353368293666802,0.07462686567164178,0.06111335215812828,0.07583703106091166,0.07079467527228721,0.06575231948366277,0.06514723678902784,0.05344897135941912,0.030859217426381605,0.021581282775312627,0.01956434045986285,0.19,0.1145,0.3,0.2,0.1,0.055,0.0265,0.008,0.005,0.001,0.4481645824929407,0.036506655909640987,0.409035901573215,0.10629286002420331
3,3,Athlone,County Westmeath,21351,Athlone,21351,.5,.5,1.0,0.0,0.0,0.0,0.0,0.0,0.07714804356595402,0.07714804356595402,0.07714804356595402,0.07714804356595402,0.03408632513110125,0.04356595401371521,0.05465913674868899,0.06353368293666802,0.07462686567164178,0.06111335215812828,0.07583703106091166,0.07079467527228721,0.06575231948366277,0.06514723678902784,0.05344897135941912,0.030859217426381605,0.021581282775312627,0.01956434045986285,0.19,0.1145,0.3,0.2,0.1,0.055,0.0265,0.008,0.005,0.001,0.4481645824929407,0.036506655909640987,0.409035901573215,0.10629286002420331
4,4,Athy,County Kildare,12855,Athy,12855,.5,.5,1.0,0.0,0.0,0.0,0.0,0.0,0.07714804356595402,0.07714804356595402,0.07714804356595402,0.07714804356595402,0.03408632513110125,0.04356595401371521,0.05465913674868899,0.06353368293666802,0.07462686567164178,0.06111335215812828,0.07583703106091166,0.07079467527228721,0.06575231948366277,0.06514723678902784,0.05344897135941912,0.030859217426381605,0.021581282775312627,0.01956434045986285,0.19,0.1145,0.3,0.2,0.1,0.055,0.0265,0.008,0.005,0.001,0.4481645824929407,0.036506655909640987,0.409035901573215,0.10629286002420331
5,5,Bagenalstown,County Carlow,3033,Bagenalstown,3033,.5,.5,1.0,0.0,0.0,0.0,0.0,0.0,0.07714804356595402,0.07714804356595402,0.07714804356595402,0.07714804356595402,0.03408632513110125,0.04356595401371521,0.05465913674868899,0.06353368293666802,0.07462686567164178,0.06111335215812828,0.07583703106091166,0.07079467527228721,0.06575231948366277,0.06514723678902784,0.05344897135941912,0.030859217426381605,0.021581282775312627,0.01956434045986285,0.19,0.1145,0.3,0.2,0.1,0.055,0.0265,0.008,0.005,0.001,0.4481645824929407,0.036506655909640987,0.409035901573215,0.10629286002420331
6,6,Balbriggan,County Dublin,23364,Balbriggan,23364,.5,.5,1.0,0.0,0.0,0.0,0.0,0.0,0.07714804356595402,0.07714804356595402,0.07714804356595402,0.07714804356595402,0.03408632513110125,0.04356595401371521,0.05465913674868899,0.06353368293666802,0.07462686567164178,0.06111335215812828,0.07583703106091166,0.07079467527228721,0.06575231948366277,0.06514723678902784,0.05344897135941912,0.030859217426381605,0.021581282775312627,0.01956434045986285,0.19,0.1145,0.3,0.2,0.1,0.055,0.0265,0.008,0.005,0.001,0.4481645824929407,0.036506655909640987,0.409035901573215,0.10629286002420331
7,7,Ballina,County Mayo,10087,Ballina,10087,.5,.5,1.0,0.0,0.0,0.0,0.0,0.0,0.07714804356595402,0.07714804356595402,0.07714804356595402,0.07714804356595402,0.03408632513110125,0.04356595401371521,0.05465913674868899,0.06353368293666802,0.07462686567164178,0.06111335215812828,0.07583703106091166,0.07079467527228721,0.06575231948366277,0.06514723678902784,0.05344897135941912,0.030859217426381605,0.021581282775312627,0.01956434045986285,0.19,0.1145,0.3,0.2,0.1,0.055,0.0265,0.008,0.005,0.001,0.4481645824929407,0.036506655909640987,0.409035901573215,0.10629286002420331
8,8,Ballina,County Mayo,2442,Ballina,2442,.5,.5,1.0,0.0,0.0,0.0,0.0,0.0,0.07714804356595402,0.07714804356595402,0.07714804356595402,0.07714804356595402,0.03408632513110125,0.04356595401371521,0.05465913674868899,0.06353368293666802,0.07462686567164178,0.06111335215812828,0.07583703106091166,0.07079467527228721,0.06575231948366277,0.06514723678902784,0.05344897135941912,0.030859217426381605,0.021581282775312627,0.01956434045986285,0.19,0.1145,0.3,0.2,0.1,0.055,0.0265,0.008,0.005,0.001,0.4481645824929407,0.036506655909640987,0.409035901573215,0.10629286002420331
9,9,Ballinasloe,County Galway,6388,Ballinasloe,6388,.5,.5,1.0,0.0,0.0,0.0,0.0,0.0,0.07714804356595402,0.07714804356595402,0.07714804356595402,0.07714804356595402,0.03408632513110125,0.04356595401371521,0.05465913674868899,0.06353368293666802,0.07462686567164178,0.06111335215812828,0.07583703106091166,0.07079467527228721,0.06575231948366277,0.06514723678902784,0.05344897135941912,0.030859217426381605,0.021581282775312627,0.01956434045986285,0.19,0.1145,0.3,0.2,0.1,0.055,0.0265,0.008,0.005,0.001,0.4481645824929407,0.036506655909640987,0.409035901573215,0.10629286002420331
10,10,Ballinrobe,County Mayo,2704,Ballinrobe,2704,.5,.5,1.0,0.0,0.0,0.0,0.0,0.0,0.07714804356595402,0.07714804356595402,0.07714804356595402,0.07714804356595402,0.03408632513110125,0.04356595401371521,0.05465913674868899,0.06353368293666802,0.07462686567164178,0.06111335215812828,0.07583703106091166,0.07079467527228721,0.06575231948366277,0.06514723678902784,0.05344897135941912,0.030859217426381605,0.021581282775312627,0.01956434045986285,0.19,0.1145,0.3,0.2,0.1,0.055,0.0265,0.008,0.005,0.001,0.4481645824929407,0.036506655909640987,0.409035901573215,0.10629286002420331
11,11,Ballyhaunis,County Mayo,2312,Ballyhaunis,2312,.5,.5,1.0,0.0,0.0,0.0,0.0,0.0,0.07714804356595402,0.07714804356595402,0.07714804356595402,0.07714804356595402,0.03408632513110125,0.04356595401371521,0.05465913674868899,0.06353368293666802,0.07462686567164178,0.06111335215812828,0.07583703106091166,0.07079467527228721,0.06575231948366277,0.06514723678902784,0.05344897135941912,0.030859217426381605,0.021581282775312627,0.01956434045986285,0.19,0.1145,0.3,0.2,0.1,0.055,0.0265,0.008,0.005,0.001,0.4481645824929407,0.036506655909640987,0.409035901573215,0.10629286002420331
12,12,Ballymote,County Sligo,1539,Ballymote,1539,.5,.5,1.0,0.0,0.0,0.0,0.0,0.0,0.07714804356595402,0.07714804356595402,0.07714804356595402,0.07714804356595402,0.03408632513110125,0.04356595401371521,0.05465913674868899,0.06353368293666802,0.07462686567164178,0.06111335215812828,0.07583703106091166,0.07079467527228721,0.06575231948366277,0.06514723678902784,0.05344897135941912,0.030859217426381605,0.021581282775312627,0.01956434045986285,0.19,0.1145,0.3,0.2,0.1,0.055,0.0265,0.008,0.005,0.001,0.4481645824929407,0.036506655909640987,0.409035901573215,0.10629286002420331
13,13,Bandon,County Cork,5492,Bandon,5492,.5,.5,1.0,0.0,0.0,0.0,0.0,0.0,0.07714804356595402,0.07714804356595402,0.07714804356595402,0.07714804356595402,0.03408632513110125,0.04356595401371521,0.05465913674868899,0.06353368293666802,0.07462686567164178,0.06111335215812828,0.07583703106091166,0.07079467527228721,0.06575231948366277,0.06514723678902784,0.05344897135941912,0.030859217426381605,0.021581282775312627,0.01956434045986285,0.19,0.1145,0.3,0.2,0.1,0.055,0.0265,0.008,0.005,0.001,0.4481645824929407,0.036506655909640987,0.409035901573215,0.10629286002420331
14,14,Bantry,County Cork,3348,Bantry,3348,.5,.5,1.0,0.0,0.0,0.0,0.0,0.0,0.07714804356595402,0.07714804356595402,0.07714804356595402,0.07714804356595402,0.03408632513110125,0.04356595401371521,0.05465913674868899,0.06353368293666802,0.07462686567164178,0.06111335215812828,0.07583703106091166,0.07079467527228721,0.06575231948366277,0.06514723678902784,0.05344897135941912,0.030859217426381605,0.021581282775312627,0.01956434045986285,0.19,0.1145,0.3,0.2,0.1,0.055,0.0265,0.008,0.005,0.001,0.4481645824929407,0.036506655909640987,0.409035901573215,0.10629286002420331
15,15,Belturbet,County Cavan,1277,Belturbet,1277,.5,.5,1.0,0.0,0.0,0.0,0.0,0.0,0.07714804356595402,0.07714804356595402,0.07714804356595402,0.07714804356595402,0.03408632513110125,0.04356595401371521,0.05465913674868899,0.06353368293666802,0.07462686567164178,0.06111335215812828,0.07583703106091166,0.07079467527228721,0.06575231948366277,0.06514723678902784,0.05344897135941912,0.030859217426381605,0.021581282775312627,0.01956434045986285,0.19,0.1145,0.3,0.2,0.1,0.055,0.0265,0.008,0.005,0.001,0.4481645824929407,0.036506655909640987,0.409035901573215,0.10629286002420331
16,16,Birr,County Offaly,4549,Birr,4549,.5,.5,1.0,0.0,0.0,0.0,0.0,0.0,0.07714804356595402,0.07714804356595402,0.07714804356595402,0.07714804356595402,0.03408632513110125,0.04356595401371521,0.05465913674868899,0.06353368293666802,0.07462686567164178,0.06111335215812828,0.07583703106091166,0.07079467527228721,0.06575231948366277,0.06514723678902784,0.05344897135941912,0.030859217426381605,0.021581282775312627,0.01956434045986285,0.19,0.1145,0.3,0.2,0.1,0.055,0.0265,0.008,0.005,0.001,0.4481645824929407,0.036506655909640987,0.409035901573215,0.10629286002420331
17,17,Blackrock,County Dublin,8821,Blackrock,8821,.5,.5,1.0,0.0,0.0,0.0,0.0,0.0,0.07714804356595402,0.07714804356595402,0.07714804356595402,0.07714804356595402,0.03408632513110125,0.04356595401371521,0.05465913674868899,0.06353368293666802,0.07462686567164178,0.06111335215812828,0.07583703106091166,0.07079467527228721,0.06575231948366277,0.06514723678902784,0.05344897135941912,0.030859217426381605,0.021581282775312627,0.01956434045986285,0.19,0.1145,0.3,0.2,0.1,0.055,0.0265,0.008,0.005,0.001,0.4481645824929407,0.036506655909640987,0.409035901573215,0.10629286002420331
18,18,Blackrock,County Dublin,3000,Blackrock,3000,.5,.5,1.0,0.0,0.0,0.0,0.0,0.0,0.07714804356595402,0.07714804356595402,0.07714804356595402,0.07714804356595402,0.03408632513110125,0.04356595401371521,0.05465913674868899,0.06353368293666802,0.07462686567164178,0.06111335215812828,0.07583703106091166,0.07079467527228721,0.06575231948366277,0.06514723678902784,0.05344897135941912,0.030859217426381605,0.021581282775312627,0.01956434045986285,0.19,0.1145,0.3,0.2,0.1,0.055,0.0265,0.008,0.005,0.001,0.4481645824929407,0.036506655909640987,0.409035901573215,0.10629286002420331
19,19,Boyle,County Roscommon,2199,Boyle,2199,.5,.5,1.0,0.0,0.0,0.0,0.0,0.0,0.07714804356595402,0.07714804356595402,0.07714804356595402,0.07714804356595402,0.03408632513110125,0.04356595401371521,0.05465913674868899,0.06353368293666802,0.07462686567164178,0.06111335215812828,0.07583703106091166,0.07079467527228721,0.06575231948366277,0.06514723678902784,0.05344897135941912,0.030859217426381605,0.021581282775312627,0.01956434045986285,0.19,0.1145,0.3,0.2,0.1,0.055,0.0265,0.008,0.005,0.001,0.4481645824929407,0.036506655909640987,0.409035901573215,0.10629286002420331
20,20,Bray,County Wicklow,32600,Bray,32600,.5,.5,1.0,0.0,0.0,0.0,0.0,0.0,0.07714804356595402,0.07714804356595402,0.07714804356595402,0.07714804356595402,0.03408632513110125,0.04356595401371521,0.05465913674868899,0.06353368293666802,0.07462686567164178,0.06111335215812828,0.07583703106091166,0.07079467527228721,0.06575231948366277,0.06514723678902784,0.05344897135941912,0.030859217426381605,0.021581282775312627,0.01956434045986285,0.19,0.1145,0.3,0.2,0.1,0.055,0.0265,0.008,0.005,0.001,0.4481645824929407,0.036506655909640987,0.409035901573215,0.10629286002420331
21,21,Bundoran,County Donegal,1865,Bundoran,1865,.5,.5,1.0,0.0,0.0,0.0,0.0,0.0,0.07714804356595402,0.07714804356595402,0.07714804356595402,0.07714804356595402,0.03408632513110125,0.04356595401371521,0.05465913674868899,0.06353368293666802,0.07462686567164178,0.06111335215812828,0.07583703106091166,0.07079467527228721,0.06575231948366277,0.06514723678902784,0.05344897135941912,0.030859217426381605,0.021581282775312627,0.01956434045986285,0.19,0.1145,0.3,0.2,0.1,0.055,0.0265,0.008,0.005,0.001,0.4481645824929407,0.036506655909640987,0.409035901573215,0.10629286002420331
22,22,Cahir,County Tipperary,3578,Cahir,3578,.5,.5,1.0,0.0,0.0,0.0,0.0,0.0,0.07714804356595402,0.07714804356595402,0.07714804356595402,0.07714804356595402,0.03408632513110125,0.04356595401371521,0.05465913674868899,0.06353368293666802,0.07462686567164178,0.06111335215812828,0.07583703106091166,0.07079467527228721,0.06575231948366277,0.06514723678902784,0.05344897135941912,0.030859217426381605,0.021581282775312627,0.01956434045986285,0.19,0.1145,0.3,0.2,0.1,0.055,0.0265,0.008,0.005,0.001,0.4481645824929407,0.036506655909640987,0.409035901573215,0.10629286002420331
23,23,Carlow,County Carlow,20055,Carlow,20055,.5,.5,1.0,0.0,0.0,0.0,0.0,0.0,0.07714804356595402,0.07714804356595402,0.07714804356595402,0.07714804356595402,0.03408632513110125,0.04356595401371521,0.05465913674868899,0.06353368293666802,0.07462686567164178,0.06111335215812828,0.07583703106091166,0.07079467527228721,0.06575231948366277,0.06514723678902784,0.05344897135941912,0.030859217426381605,0.021581282775312627,0.01956434045986285,0.19,0.1145,0.3,0.2,0.1,0.055,0.0265,0.008,0.005,0.001,0.4481645824929407,0.036506655909640987,0.409035901573215,0.10629286002420331
24,24,Carrickmacross,County Monaghan,3995,Carrickmacross,3995,.5,.5,1.0,0.0,0.0,0.0,0.0,0.0,0.07714804356595402,0.07714804356595402,0.07714804356595402,0.07714804356595402,0.03408632513110125,0.04356595401371521,0.05465913674868899,0.06353368293666802,0.07462686567164178,0.06111335215812828,0.07583703106091166,0.07079467527228721,0.06575231948366277,0.06514723678902784,0.05344897135941912,0.030859217426381605,0.021581282775312627,0.01956434045986285,0.19,0.1145,0.3,0.2,0.1,0.055,0.0265,0.008,0.005,0.001,0.4481645824929407,0.036506655909640987,0.409035901573215,0.10629286002420331
25,25,Carrigaline,County Cork,14775,Carrigaline,14775,.5,.5,1.0,0.0,0.0,0.0,0.0,0.0,0.07714804356595402,0.07714804356595402,0.07714804356595402,0.07714804356595402,0.03408632513110125,0.04356595401371521,0.05465913674868899,0.06353368293666802,0.07462686567164178,0.06111335215812828,0.07583703106091166,0.07079467527228721,0.06575231948366277,0.06514723678902784,0.05344897135941912,0.030859217426381605,0.021581282775312627,0.01956434045986285,0.19,0.1145,0.3,0.2,0.1,0.055,0.0265,0.008,0.005,0.001,0.4481645824929407,0.036506655909640987,0.409035901573215,0.10629286002420331
26,26,Cashel,County Tipperary,2798,Cashel,2798,.5,.5,1.0,0.0,0.0,0.0,0.0,0.0,0.07714804356595402,0.07714804356595402,0.07714804356595402,0.07714804356595402,0.03408632513110125,0.04356595401371521,0.05465913674868899,0.06353368293666802,0.07462686567164178,0.06111335215812828,0.07583703106091166,0.07079467527228721,0.06575231948366277,0.06514723678902784,0.05344897135941912,0.030859217426381605,0.021581282775312627,0.01956434045986285,0.19,0.1145,0.3,0.2,0.1,0.055,0.0265,0.008,0.005,0.001,0.4481645824929407,0.036506655909640987,0.409035901573215,0.10629286002420331
27,27,Castlebar,County Mayo,12874,Castlebar,12874,.5,.5,1.0,0.0,0.0,0.0,0.0,0.0,0.07714804356595402,0.07714804356595402,0.07714804356595402,0.07714804356595402,0.03408632513110125,0.04356595401371521,0.05465913674868899,0.06353368293666802,0.07462686567164178,0.06111335215812828,0.07583703106091166,0.07079467527228721,0.06575231948366277,0.06514723678902784,0.05344897135941912,0.030859217426381605,0.021581282775312627,0.01956434045986285,0.19,0.1145,0.3,0.2,0.1,0.055,0.0265,0.008,0.005,0.001,0.4481645824929407,0.036506655909640987,0.409035901573215,0.10629286002420331
28,28,Castleblayney,County Monaghan,3006,Castleblayney,3006,.5,.5,1.0,0.0,0.0,0.0,0.0,0.0,0.07714804356595402,0.07714804356595402,0.07714804356595402,0.07714804356595402,0.03408632513110125,0.04356595401371521,0.05465913674868899,0.06353368293666802,0.07462686567164178,0.06111335215812828,0.07583703106091166,0.07079467527228721,0.06575231948366277,0.06514723678902784,0.05344897135941912,0.030859217426381605,0.021581282775312627,0.01956434045986285,0.19,0.1145,0.3,0.2,0.1,0.055,0.0265,0.008,0.005,0.001,0.4481645824929407,0.036506655909640987,0.409035901573215,0.10629286002420331
29,29,Castlerea,County Roscommon,1985,Castlerea,1985,.5,.5,1.0,0.0,0.0,0.0,0.0,0.0,0.07714804356595402,0.07714804356595402,0.07714804356595402,0.07714804356595402,0.03408632513110125,0.04356595401371521,0.05465913674868899,0.06353368293666802,0.07462686567164178,0.06111335215812828,0.07583703106091166,0.07079467527228721,0.06575231948366277,0.06514723678902784,0.05344897135941912,0.030859217426381605,0.021581282775312627,0.01956434045986285,0.19,0.1145,0.3,0.2,0.1,0.055,0.0265,0.008,0.005,0.001,0.4481645824929407,0.036506655909640987,0.409035901573215,0.10629286002420331
30,30,Cavan,County Cavan,6388,Cavan,6388,.5,.5,1.0,0.0,0.0,0.0,0.0,0.0,0.07714804356595402,0.07714804356595402,0.07714804356595402,0.07714804356595402,0.03408632513110125,0.04356595401371521,0.05465913674868899,0.06353368293666802,0.07462686567164178,0.06111335215812828,0.07583703106091166,0.07079467527228721,0.06575231948366277,0.06514723678902784,0.05344897135941912,0.030859217426381605,0.021581282775312627,0.01956434045986285,0.19,0.1145,0.3,0.2,0.1,0.055,0.0265,0.008,0.005,0.001,0.4481645824929407,0.036506655909640987,0.409035901573215,0.10629286002420331
31,31,Clifden,County Galway,2056,Clifden,2056,.5,.5,1.0,0.0,0.0,0.0,0.0,0.0,0.07714804356595402,0.07714804356595402,0.07714804356595402,0.07714804356595402,0.03408632513110125,0.04356595401371521,0.05465913674868899,0.06353368293666802,0.07462686567164178,0.06111335215812828,0.07583703106091166,0.07079467527228721,0.06575231948366277,0.06514723678902784,0.05344897135941912,0.030859217426381605,0.021581282775312627,0.01956434045986285,0.19,0.1145,0.3,0.2,0.1,0.055,0.0265,0.008,0.005,0.001,0.4481645824929407,0.036506655909640987,0.409035901573215,0.10629286002420331
32,32,Clonakilty,County Cork,4065,Clonakilty,4065,.5,.5,1.0,0.0,0.0,0.0,0.0,0.0,0.07714804356595402,0.07714804356595402,0.07714804356595402,0.07714804356595402,0.03408632513110125,0.04356595401371521,0.05465913674868899,0.06353368293666802,0.07462686567164178,0.06111335215812828,0.07583703106091166,0.07079467527228721,0.06575231948366277,0.06514723678902784,0.05344897135941912,0.030859217426381605,0.021581282775312627,0.01956434045986285,0.19,0.1145,0.3,0.2,0.1,0.055,0.0265,0.008,0.005,0.001,0.4481645824929407,0.036506655909640987,0.409035901573215,0.10629286002420331
33,33,Clones,County Monaghan,1834,Clones,1834,.5,.5,1.0,0.0,0.0,0.0,0.0,0.0,0.07714804356595402,0.07714804356595402,0.07714804356595402,0.07714804356595402,0.03408632513110125,0.04356595401371521,0.05465913674868899,0.06353368293666802,0.07462686567164178,0.06111335215812828,0.07583703106091166,0.07079467527228721,0.06575231948366277,0.06514723678902784,0.05344897135941912,0.030859217426381605,0.021581282775312627,0.01956434045986285,0.19,0.1145,0.3,0.2,0.1,0.055,0.0265,0.008,0.005,0.001,0.4481645824929407,0.036506655909640987,0.409035901573215,0.10629286002420331
34,34,Cobh,County Cork,10501,Cobh,10501,.5,.5,1.0,0.0,0.0,0.0,0.0,0.0,0.07714804356595402,0.07714804356595402,0.07714804356595402,0.07714804356595402,0.03408632513110125,0.04356595401371521,0.05465913674868899,0.06353368293666802,0.07462686567164178,0.06111335215812828,0.07583703106091166,0.07079467527228721,0.06575231948366277,0.06514723678902784,0.05344897135941912,0.030859217426381605,0.021581282775312627,0.01956434045986285,0.19,0.1145,0.3,0.2,0.1,0.055,0.0265,0.008,0.005,0.001,0.4481645824929407,0.036506655909640987,0.409035901573215,0.10629286002420331
35,35,Cootehill,County Cavan,1713,Cootehill,1713,.5,.5,1.0,0.0,0.0,0.0,0.0,0.0,0.07714804356595402,0.07714804356595402,0.07714804356595402,0.07714804356595402,0.03408632513110125,0.04356595401371521,0.05465913674868899,0.06353368293666802,0.07462686567164178,0.06111335215812828,0.07583703106091166,0.07079467527228721,0.06575231948366277,0.06514723678902784,0.05344897135941912,0.030859217426381605,0.021581282775312627,0.01956434045986285,0.19,0.1145,0.3,0.2,0.1,0.055,0.0265,0.008,0.005,0.001,0.4481645824929407,0.036506655909640987,0.409035901573215,0.10629286002420331
36,36,Drogheda,County Louth,33441,Drogheda,33441,.5,.5,1.0,0.0,0.0,0.0,0.0,0.0,0.07714804356595402,0.07714804356595402,0.07714804356595402,0.07714804356595402,0.03408632513110125,0.04356595401371521,0.05465913674868899,0.06353368293666802,0.07462686567164178,0.06111335215812828,0.07583703106091166,0.07079467527228721,0.06575231948366277,0.06514723678902784,0.05344897135941912,0.030859217426381605,0.021581282775312627,0.01956434045986285,0.19,0.1145,0.3,0.2,0.1,0.055,0.0265,0.008,0.005,0.001,0.4481645824929407,0.036506655909640987,0.409035901573215,0.10629286002420331
37,37,Dunboyne,County Meath,6959,Dunboyne,6959,.5,.5,1.0,0.0,0.0,0.0,0.0,0.0,0.07714804356595402,0.07714804356595402,0.07714804356595402,0.07714804356595402,0.03408632513110125,0.04356595401371521,0.05465913674868899,0.06353368293666802,0.07462686567164178,0.06111335215812828,0.07583703106091166,0.07079467527228721,0.06575231948366277,0.06514723678902784,0.05344897135941912,0.030859217426381605,0.021581282775312627,0.01956434045986285,0.19,0.1145,0.3,0.2,0.1,0.055,0.0265,0.008,0.005,0.001,0.4481645824929407,0.036506655909640987,0.409035901573215,0.10629286002420331
38,38,Dundalk,County Louth,33428,Dundalk,33428,.5,.5,1.0,0.0,0.0,0.0,0.0,0.0,0.07714804356595402,0.07714804356595402,0.07714804356595402,0.07714804356595402,0.03408632513110125,0.04356595401371521,0.05465913674868899,0.06353368293666802,0.07462686567164178,0.06111335215812828,0.07583703106091166,0.07079467527228721,0.06575231948366277,0.06514723678902784,0.05344897135941912,0.030859217426381605,0.021581282775312627,0.01956434045986285,0.19,0.1145,0.3,0.2,0.1,0.055,0.0265,0.008,0.005,0.001,0.4481645824929407,0.036506655909640987,0.409035901573215,0.10629286002420331
39,39,Dunmanway,County Cork,1585,Dunmanway,1585,.5,.5,1.0,0.0,0.0,0.0,0.0,0.0,0.07714804356595402,0.07714804356595402,0.07714804356595402,0.07714804356595402,0.03408632513110125,0.04356595401371521,0.05465913674868899,0.06353368293666802,0.07462686567164178,0.06111335215812828,0.07583703106091166,0.07079467527228721,0.06575231948366277,0.06514723678902784,0.05344897135941912,0.030859217426381605,0.021581282775312627,0.01956434045986285,0.19,0.1145,0.3,0.2,0.1,0.055,0.0265,0.008,0.005,0.001,0.4481645824929407,0.036506655909640987,0.409035901573215,0.10629286002420331
40,40,Dunshaughlin,County Meath,3903,Dunshaughlin,3903,.5,.5,1.0,0.0,0.0,0.0,0.0,0.0,0.07714804356595402,0.07714804356595402,0.07714804356595402,0.07714804356595402,0.03408632513110125,0.04356595401371521,0.05465913674868899,0.06353368293666802,0.07462686567164178,0.06111335215812828,0.07583703106091166,0.07079467527228721,0.06575231948366277,0.06514723678902784,0.05344897135941912,0.030859217426381605,0.021581282775312627,0.01956434045986285,0.19,0.1145,0.3,0.2,0.1,0.055,0.0265,0.008,0.005,0.001,0.4481645824929407,0.036506655909640987,0.409035901573215,0.10629286002420331
41,41,Edenderry,County Offaly,4890,Edenderry,4890,.5,.5,1.0,0.0,0.0,0.0,0.0,0.0,0.07714804356595402,0.07714804356595402,0.07714804356595402,0.07714804356595402,0.03408632513110125,0.04356595401371521,0.05465913674868899,0.06353368293666802,0.07462686567164178,0.06111335215812828,0.07583703106091166,0.07079467527228721,0.06575231948366277,0.06514723678902784,0.05344897135941912,0.030859217426381605,0.021581282775312627,0.01956434045986285,0.19,0.1145,0.3,0.2,0.1,0.055,0.0265,0.008,0.005,0.001,0.4481645824929407,0.036506655909640987,0.409035901573215,0.10629286002420331
42,42,Enfield,County Meath,2929,Enfield,2929,.5,.5,1.0,0.0,0.0,0.0,0.0,0.0,0.07714804356595402,0.07714804356595402,0.07714804356595402,0.07714804356595402,0.03408632513110125,0.04356595401371521,0.05465913674868899,0.06353368293666802,0.07462686567164178,0.06111335215812828,0.07583703106091166,0.07079467527228721,0.06575231948366277,0.06514723678902784,0.05344897135941912,0.030859217426381605,0.021581282775312627,0.01956434045986285,0.19,0.1145,0.3,0.2,0.1,0.055,0.0265,0.008,0.005,0.001,0.4481645824929407,0.036506655909640987,0.409035901573215,0.10629286002420331
43,43,Enniscorthy,County Wexford,9709,Enniscorthy,9709,.5,.5,1.0,0.0,0.0,0.0,0.0,0.0,0.07714804356595402,0.07714804356595402,0.07714804356595402,0.07714804356595402,0.03408632513110125,0.04356595401371521,0.05465913674868899,0.06353368293666802,0.07462686567164178,0.06111335215812828,0.07583703106091166,0.07079467527228721,0.06575231948366277,0.06514723678902784,0.05344897135941912,0.030859217426381605,0.021581282775312627,0.01956434045986285,0.19,0.1145,0.3,0.2,0.1,0.055,0.0265,0.008,0.005,0.001,0.4481645824929407,0.036506655909640987,0.409035901573215,0.10629286002420331
44,44,Fermoy,County Cork,4933,Fermoy,4933,.5,.5,1.0,0.0,0.0,0.0,0.0,0.0,0.07714804356595402,0.07714804356595402,0.07714804356595402,0.07714804356595402,0.03408632513110125,0.04356595401371521,0.05465913674868899,0.06353368293666802,0.07462686567164178,0.06111335215812828,0.07583703106091166,0.07079467527228721,0.06575231948366277,0.06514723678902784,0.05344897135941912,0.030859217426381605,0.021581282775312627,0.01956434045986285,0.19,0.1145,0.3,0.2,0.1,0.055,0.0265,0.008,0.005,0.001,0.4481645824929407,0.036506655909640987,0.409035901573215,0.10629286002420331
45,45,Gorey,County Wexford,6040,Gorey,6040,.5,.5,1.0,0.0,0.0,0.0,0.0,0.0,0.07714804356595402,0.07714804356595402,0.07714804356595402,0.07714804356595402,0.03408632513110125,0.04356595401371521,0.05465913674868899,0.06353368293666802,0.07462686567164178,0.06111335215812828,0.07583703106091166,0.07079467527228721,0.06575231948366277,0.06514723678902784,0.05344897135941912,0.030859217426381605,0.021581282775312627,0.01956434045986285,0.19,0.1145,0.3,0.2,0.1,0.055,0.0265,0.008,0.005,0.001,0.4481645824929407,0.036506655909640987,0.409035901573215,0.10629286002420331
46,46,Greystones,County Wicklow,13492,Greystones,13492,.5,.5,1.0,0.0,0.0,0.0,0.0,0.0,0.07714804356595402,0.07714804356595402,0.07714804356595402,0.07714804356595402,0.03408632513110125,0.04356595401371521,0.05465913674868899,0.06353368293666802,0.07462686567164178,0.06111335215812828,0.07583703106091166,0.07079467527228721,0.06575231948366277,0.06514723678902784,0.05344897135941912,0.030859217426381605,0.021581282775312627,0.01956434045986285,0.19,0.1145,0.3,0.2,0.1,0.055,0.0265,0.008,0.005,0.001,0.4481645824929407,0.036506655909640987,0.409035901573215,0.10629286002420331
47,47,Kells,County Meath,4820,Kells,4820,.5,.5,1.0,0.0,0.0,0.0,0.0,0.0,0.07714804356595402,0.07714804356595402,0.07714804356595402,0.07714804356595402,0.03408632513110125,0.04356595401371521,0.05465913674868899,0.06353368293666802,0.07462686567164178,0.06111335215812828,0.07583703106091166,0.07079467527228721,0.06575231948366277,0.06514723678902784,0.05344897135941912,0.030859217426381605,0.021581282775312627,0.01956434045986285,0.19,0.1145,0.3,0.2,0.1,0.055,0.0265,0.008,0.005,0.001,0.4481645824929407,0.036506655909640987,0.409035901573215,0.10629286002420331
48,48,Kenmare,County Kerry,2175,Kenmare,2175,.5,.5,1.0,0.0,0.0,0.0,0.0,0.0,0.07714804356595402,0.07714804356595402,0.07714804356595402,0.07714804356595402,0.03408632513110125,0.04356595401371521,0.05465913674868899,0.06353368293666802,0.07462686567164178,0.06111335215812828,0.07583703106091166,0.07079467527228721,0.06575231948366277,0.06514723678902784,0.05344897135941912,0.030859217426381605,0.021581282775312627,0.01956434045986285,0.19,0.1145,0.3,0.2,0.1,0.055,0.0265,0.008,0.005,0.001,0.4481645824929407,0.036506655909640987,0.409035901573215,0.10629286002420331
49,49,Kildare,County Kildare,8142,Kildare,8142,.5,.5,1.0,0.0,0.0,0.0,0.0,0.0,0.07714804356595402,0.07714804356595402,0.07714804356595402,0.07714804356595402,0.03408632513110125,0.04356595401371521,0.05465913674868899,0.06353368293666802,0.07462686567164178,0.06111335215812828,0.07583703106091166,0.07079467527228721,0.06575231948366277,0.06514723678902784,0.05344897135941912,0.030859217426381605,0.021581282775312627,0.01956434045986285,0.19,0.1145,0.3,0.2,0.1,0.055,0.0265,0.008,0.005,0.001,0.4481645824929407,0.036506655909640987,0.409035901573215,0.10629286002420331
50,50,Kilkenny,County Kilkenny,21589,Kilkenny,21589,.5,.5,1.0,0.0,0.0,0.0,0.0,0.0,0.07714804356595402,0.07714804356595402,0.07714804356595402,0.07714804356595402,0.03408632513110125,0.04356595401371521,0.05465913674868899,0.06353368293666802,0.07462686567164178,0.06111335215812828,0.07583703106091166,0.07079467527228721,0.06575231948366277,0.06514723678902784,0.05344897135941912,0.030859217426381605,0.021581282775312627,0.01956434045986285,0.19,0.1145,0.3,0.2,0.1,0.055,0.0265,0.008,0.005,0.001,0.4481645824929407,0.036506655909640987,0.409035901573215,0.10629286002420331
51,51,Kilmacthomas,County Waterford,871,Kilmacthomas,871,.5,.5,1.0,0.0,0.0,0.0,0.0,0.0,0.07714804356595402,0.07714804356595402,0.07714804356595402,0.07714804356595402,0.03408632513110125,0.04356595401371521,0.05465913674868899,0.06353368293666802,0.07462686567164178,0.06111335215812828,0.07583703106091166,0.07079467527228721,0.06575231948366277,0.06514723678902784,0.05344897135941912,0.030859217426381605,0.021581282775312627,0.01956434045986285,0.19,0.1145,0.3,0.2,0.1,0.055,0.0265,0.008,0.005,0.001,0.4481645824929407,0.036506655909640987,0.409035901573215,0.10629286002420331
52,52,Kilmallock,County Limerick,1635,Kilmallock,1635,.5,.5,1.0,0.0,0.0,0.0,0.0,0.0,0.07714804356595402,0.07714804356595402,0.07714804356595402,0.07714804356595402,0.03408632513110125,0.04356595401371521,0.05465913674868899,0.06353368293666802,0.07462686567164178,0.06111335215812828,0.07583703106091166,0.07079467527228721,0.06575231948366277,0.06514723678902784,0.05344897135941912,0.030859217426381605,0.021581282775312627,0.01956434045986285,0.19,0.1145,0.3,0.2,0.1,0.055,0.0265,0.008,0.005,0.001,0.4481645824929407,0.036506655909640987,0.409035901573215,0.10629286002420331
53,53,Kilrush,County Clare,2712,Kilrush,2712,.5,.5,1.0,0.0,0.0,0.0,0.0,0.0,0.07714804356595402,0.07714804356595402,0.07714804356595402,0.07714804356595402,0.03408632513110125,0.04356595401371521,0.05465913674868899,0.06353368293666802,0.07462686567164178,0.06111335215812828,0.07583703106091166,0.07079467527228721,0.06575231948366277,0.06514723678902784,0.05344897135941912,0.030859217426381605,0.021581282775312627,0.01956434045986285,0.19,0.1145,0.3,0.2,0.1,0.055,0.0265,0.008,0.005,0.001,0.4481645824929407,0.036506655909640987,0.409035901573215,0.10629286002420331
54,54,Kinsale,County Cork,3843,Kinsale,3843,.5,.5,1.0,0.0,0.0,0.0,0.0,0.0,0.07714804356595402,0.07714804356595402,0.07714804356595402,0.07714804356595402,0.03408632513110125,0.04356595401371521,0.05465913674868899,0.06353368293666802,0.07462686567164178,0.06111335215812828,0.07583703106091166,0.07079467527228721,0.06575231948366277,0.06514723678902784,0.05344897135941912,0.030859217426381605,0.021581282775312627,0.01956434045986285,0.19,0.1145,0.3,0.2,0.1,0.055,0.0265,0.008,0.005,0.001,0.4481645824929407,0.036506655909640987,0.409035901573215,0.10629286002420331
55,55,Knock,County Mayo,811,Knock,811,.5,.5,1.0,0.0,0.0,0.0,0.0,0.0,0.07714804356595402,0.07714804356595402,0.07714804356595402,0.07714804356595402,0.03408632513110125,0.04356595401371521,0.05465913674868899,0.06353368293666802,0.07462686567164178,0.06111335215812828,0.07583703106091166,0.07079467527228721,0.06575231948366277,0.06514723678902784,0.05344897135941912,0.030859217426381605,0.021581282775312627,0.01956434045986285,0.19,0.1145,0.3,0.2,0.1,0.055,0.0265,0.008,0.005,0.001,0.4481645824929407,0.036506655909640987,0.409035901573215,0.10629286002420331
56,56,Letterkenny,County Donegal,16901,Letterkenny,16901,.5,.5,1.0,0.0,0.0,0.0,0.0,0.0,0.07714804356595402,0.07714804356595402,0.07714804356595402,0.07714804356595402,0.03408632513110125,0.04356595401371521,0.05465913674868899,0.06353368293666802,0.07462686567164178,0.06111335215812828,0.07583703106091166,0.07079467527228721,0.06575231948366277,0.06514723678902784,0.05344897135941912,0.030859217426381605,0.021581282775312627,0.01956434045986285,0.19,0.1145,0.3,0.2,0.1,0.055,0.0265,0.008,0.005,0.001,0.4481645824929407,0.036506655909640987,0.409035901573215,0.10629286002420331
57,57,Listowel,County Kerry,4143,Listowel,4143,.5,.5,1.0,0.0,0.0,0.0,0.0,0.0,0.07714804356595402,0.07714804356595402,0.07714804356595402,0.07714804356595402,0.03408632513110125,0.04356595401371521,0.05465913674868899,0.06353368293666802,0.07462686567164178,0.06111335215812828,0.07583703106091166,0.07079467527228721,0.06575231948366277,0.06514723678902784,0.05344897135941912,0.030859217426381605,0.021581282775312627,0.01956434045986285,0.19,0.1145,0.3,0.2,0.1,0.055,0.0265,0.008,0.005,0.001,0.4481645824929407,0.036506655909640987,0.409035901573215,0.10629286002420331
58,58,Longford,County Longford,7787,Longford,7787,.5,.5,1.0,0.0,0.0,0.0,0.0,0.0,0.07714804356595402,0.07714804356595402,0.07714804356595402,0.07714804356595402,0.03408632513110125,0.04356595401371521,0.05465913674868899,0.06353368293666802,0.07462686567164178,0.06111335215812828,0.07583703106091166,0.07079467527228721,0.06575231948366277,0.06514723678902784,0.05344897135941912,0.030859217426381605,0.021581282775312627,0.01956434045986285,0.19,0.1145,0.3,0.2,0.1,0.055,0.0265,0.008,0.005,0.001,0.4481645824929407,0.036506655909640987,0.409035901573215,0.10629286002420331
59,59,Loughrea,County Galway,5062,Loughrea,5062,.5,.5,1.0,0.0,0.0,0.0,0.0,0.0,0.07714804356595402,0.07714804356595402,0.07714804356595402,0.07714804356595402,0.03408632513110125,0.04356595401371521,0.05465913674868899,0.06353368293666802,0.07462686567164178,0.06111335215812828,0.07583703106091166,0.07079467527228721,0.06575231948366277,0.06514723678902784,0.05344897135941912,0.030859217426381605,0.021581282775312627,0.01956434045986285,0.19,0.1145,0.3,0.2,0.1,0.055,0.0265,0.008,0.005,0.001,0.4481645824929407,0.036506655909640987,0.409035901573215,0.10629286002420331
60,60,Lucan,County Dublin,15269,Lucan,15269,.5,.5,1.0,0.0,0.0,0.0,0.0,0.0,0.07714804356595402,0.07714804356595402,0.07714804356595402,0.07714804356595402,0.03408632513110125,0.04356595401371521,0.05465913674868899,0.06353368293666802,0.07462686567164178,0.06111335215812828,0.07583703106091166,0.07079467527228721,0.06575231948366277,0.06514723678902784,0.05344897135941912,0.030859217426381605,0.021581282775312627,0.01956434045986285,0.19,0.1145,0.3,0.2,0.1,0.055,0.0265,0.008,0.005,0.001,0.4481645824929407,0.036506655909640987,0.409035901573215,0.10629286002420331
61,61,Lusk,County Dublin,7022,Lusk,7022,.5,.5,1.0,0.0,0.0,0.0,0.0,0.0,0.07714804356595402,0.07714804356595402,0.07714804356595402,0.07714804356595402,0.03408632513110125,0.04356595401371521,0.05465913674868899,0.06353368293666802,0.07462686567164178,0.06111335215812828,0.07583703106091166,0.07079467527228721,0.06575231948366277,0.06514723678902784,0.05344897135941912,0.030859217426381605,0.021581282775312627,0.01956434045986285,0.19,0.1145,0.3,0.2,0.1,0.055,0.0265,0.008,0.005,0.001,0.4481645824929407,0.036506655909640987,0.409035901573215,0.10629286002420331
62,62,Macroom,County Cork,3169,Macroom,3169,.5,.5,1.0,0.0,0.0,0.0,0.0,0.0,0.07714804356595402,0.07714804356595402,0.07714804356595402,0.07714804356595402,0.03408632513110125,0.04356595401371521,0.05465913674868899,0.06353368293666802,0.07462686567164178,0.06111335215812828,0.07583703106091166,0.07079467527228721,0.06575231948366277,0.06514723678902784,0.05344897135941912,0.030859217426381605,0.021581282775312627,0.01956434045986285,0.19,0.1145,0.3,0.2,0.1,0.055,0.0265,0.008,0.005,0.001,0.4481645824929407,0.036506655909640987,0.409035901573215,0.10629286002420331
63,63,Malahide,County Dublin,15846,Malahide,15846,.5,.5,1.0,0.0,0.0,0.0,0.0,0.0,0.07714804356595402,0.07714804356595402,0.07714804356595402,0.07714804356595402,0.03408632513110125,0.04356595401371521,0.05465913674868899,0.06353368293666802,0.07462686567164178,0.06111335215812828,0.07583703106091166,0.07079467527228721,0.06575231948366277,0.06514723678902784,0.05344897135941912,0.030859217426381605,0.021581282775312627,0.01956434045986285,0.19,0.1145,0.3,0.2,0.1,0.055,0.0265,0.008,0.005,0.001,0.4481645824929407,0.036506655909640987,0.409035901573215,0.10629286002420331
64,64,Mallow,County Cork,9495,Mallow,9495,.5,.5,1.0,0.0,0.0,0.0,0.0,0.0,0.07714804356595402,0.07714804356595402,0.07714804356595402,0.07714804356595402,0.03408632513110125,0.04356595401371521,0.05465913674868899,0.06353368293666802,0.07462686567164178,0.06111335215812828,0.07583703106091166,0.07079467527228721,0.06575231948366277,0.06514723678902784,0.05344897135941912,0.030859217426381605,0.021581282775312627,0.01956434045986285,0.19,0.1145,0.3,0.2,0.1,0.055,0.0265,0.008,0.005,0.001,0.4481645824929407,0.036506655909640987,0.409035901573215,0.10629286002420331
65,65,Maynooth,County Kildare,12510,Maynooth,12510,.5,.5,1.0,0.0,0.0,0.0,0.0,0.0,0.07714804356595402,0.07714804356595402,0.07714804356595402,0.07714804356595402,0.03408632513110125,0.04356595401371521,0.05465913674868899,0.06353368293666802,0.07462686567164178,0.06111335215812828,0.07583703106091166,0.07079467527228721,0.06575231948366277,0.06514723678902784,0.05344897135941912,0.030859217426381605,0.021581282775312627,0.01956434045986285,0.19,0.1145,0.3,0.2,0.1,0.055,0.0265,0.008,0.005,0.001,0.4481645824929407,0.036506655909640987,0.409035901573215,0.10629286002420331
66,66,Midleton,County Cork,8891,Midleton,8891,.5,.5,1.0,0.0,0.0,0.0,0.0,0.0,0.07714804356595402,0.07714804356595402,0.07714804356595402,0.07714804356595402,0.03408632513110125,0.04356595401371521,0.05465913674868899,0.06353368293666802,0.07462686567164178,0.06111335215812828,0.07583703106091166,0.07079467527228721,0.06575231948366277,0.06514723678902784,0.05344897135941912,0.030859217426381605,0.021581282775312627,0.01956434045986285,0.19,0.1145,0.3,0.2,0.1,0.055,0.0265,0.008,0.005,0.001,0.4481645824929407,0.036506655909640987,0.409035901573215,0.10629286002420331
67,67,Miltown Malbay,County Clare,777,Miltown Malbay,777,.5,.5,1.0,0.0,0.0,0.0,0.0,0.0,0.07714804356595402,0.07714804356595402,0.07714804356595402,0.07714804356595402,0.03408632513110125,0.04356595401371521,0.05465913674868899,0.06353368293666802,0.07462686567164178,0.06111335215812828,0.07583703106091166,0.07079467527228721,0.06575231948366277,0.06514723678902784,0.05344897135941912,0.030859217426381605,0.021581282775312627,0.01956434045986285,0.19,0.1145,0.3,0.2,0.1,0.055,0.0265,0.008,0.005,0.001,0.4481645824929407,0.036506655909640987,0.409035901573215,0.10629286002420331
68,68,Mitchelstown,County Cork,3677,Mitchelstown,3677,.5,.5,1.0,0.0,0.0,0.0,0.0,0.0,0.07714804356595402,0.07714804356595402,0.07714804356595402,0.07714804356595402,0.03408632513110125,0.04356595401371521,0.05465913674868899,0.06353368293666802,0.07462686567164178,0.06111335215812828,0.07583703106091166,0.07079467527228721,0.06575231948366277,0.06514723678902784,0.05344897135941912,0.030859217426381605,0.021581282775312627,0.01956434045986285,0.19,0.1145,0.3,0.2,0.1,0.055,0.0265,0.008,0.005,0.001,0.4481645824929407,0.036506655909640987,0.409035901573215,0.10629286002420331
69,69,Monaghan,County Monaghan,5937,Monaghan,5937,.5,.5,1.0,0.0,0.0,0.0,0.0,0.0,0.07714804356595402,0.07714804356595402,0.07714804356595402,0.07714804356595402,0.03408632513110125,0.04356595401371521,0.05465913674868899,0.06353368293666802,0.07462686567164178,0.06111335215812828,0.07583703106091166,0.07079467527228721,0.06575231948366277,0.06514723678902784,0.05344897135941912,0.030859217426381605,0.021581282775312627,0.01956434045986285,0.19,0.1145,0.3,0.2,0.1,0.055,0.0265,0.008,0.005,0.001,0.4481645824929407,0.036506655909640987,0.409035901573215,0.10629286002420331
70,70,Monasterevin,County Kildare,3710,Monasterevin,3710,.5,.5,1.0,0.0,0.0,0.0,0.0,0.0,0.07714804356595402,0.07714804356595402,0.07714804356595402,0.07714804356595402,0.03408632513110125,0.04356595401371521,0.05465913674868899,0.06353368293666802,0.07462686567164178,0.06111335215812828,0.07583703106091166,0.07079467527228721,0.06575231948366277,0.06514723678902784,0.05344897135941912,0.030859217426381605,0.021581282775312627,0.01956434045986285,0.19,0.1145,0.3,0.2,0.1,0.055,0.0265,0.008,0.005,0.001,0.4481645824929407,0.036506655909640987,0.409035901573215,0.10629286002420331
71,71,Naas,County Kildare,20713,Naas,20713,.5,.5,1.0,0.0,0.0,0.0,0.0,0.0,0.07714804356595402,0.07714804356595402,0.07714804356595402,0.07714804356595402,0.03408632513110125,0.04356595401371521,0.05465913674868899,0.06353368293666802,0.07462686567164178,0.06111335215812828,0.07583703106091166,0.07079467527228721,0.06575231948366277,0.06514723678902784,0.05344897135941912,0.030859217426381605,0.021581282775312627,0.01956434045986285,0.19,0.1145,0.3,0.2,0.1,0.055,0.0265,0.008,0.005,0.001,0.4481645824929407,0.036506655909640987,0.409035901573215,0.10629286002420331
72,72,Nenagh,County Tipperary,5500,Nenagh,5500,.5,.5,1.0,0.0,0.0,0.0,0.0,0.0,0.07714804356595402,0.07714804356595402,0.07714804356595402,0.07714804356595402,0.03408632513110125,0.04356595401371521,0.05465913674868899,0.06353368293666802,0.07462686567164178,0.06111335215812828,0.07583703106091166,0.07079467527228721,0.06575231948366277,0.06514723678902784,0.05344897135941912,0.030859217426381605,0.021581282775312627,0.01956434045986285,0.19,0.1145,0.3,0.2,0.1,0.055,0.0265,0.008,0.005,0.001,0.4481645824929407,0.036506655909640987,0.409035901573215,0.10629286002420331
73,73,New Ross,County Wexford,6695,New Ross,6695,.5,.5,1.0,0.0,0.0,0.0,0.0,0.0,0.07714804356595402,0.07714804356595402,0.07714804356595402,0.07714804356595402,0.03408632513110125,0.04356595401371521,0.05465913674868899,0.06353368293666802,0.07462686567164178,0.06111335215812828,0.07583703106091166,0.07079467527228721,0.06575231948366277,0.06514723678902784,0.05344897135941912,0.030859217426381605,0.021581282775312627,0.01956434045986285,0.19,0.1145,0.3,0.2,0.1,0.055,0.0265,0.008,0.005,0.001,0.4481645824929407,0.036506655909640987,0.409035901573215,0.10629286002420331
74,74,Newcastle West,County Limerick,6327,Newcastle West,6327,.5,.5,1.0,0.0,0.0,0.0,0.0,0.0,0.07714804356595402,0.07714804356595402,0.07714804356595402,0.07714804356595402,0.03408632513110125,0.04356595401371521,0.05465913674868899,0.06353368293666802,0.07462686567164178,0.06111335215812828,0.07583703106091166,0.07079467527228721,0.06575231948366277,0.06514723678902784,0.05344897135941912,0.030859217426381605,0.021581282775312627,0.01956434045986285,0.19,0.1145,0.3,0.2,0.1,0.055,0.0265,0.008,0.005,0.001,0.4481645824929407,0.036506655909640987,0.409035901573215,0.10629286002420331
75,75,Portlaoise,County Laois,13622,Portlaoise,13622,.5,.5,1.0,0.0,0.0,0.0,0.0,0.0,0.07714804356595402,0.07714804356595402,0.07714804356595402,0.07714804356595402,0.03408632513110125,0.04356595401371521,0.05465913674868899,0.06353368293666802,0.07462686567164178,0.06111335215812828,0.07583703106091166,0.07079467527228721,0.06575231948366277,0.06514723678902784,0.05344897135941912,0.030859217426381605,0.021581282775312627,0.01956434045986285,0.19,0.1145,0.3,0.2,0.1,0.055,0.0265,0.008,0.005,0.001,0.4481645824929407,0.036506655909640987,0.409035901573215,0.10629286002420331
76,76,Roscommon,County Roscommon,5693,Roscommon,5693,.5,.5,1.0,0.0,0.0,0.0,0.0,0.0,0.07714804356595402,0.07714804356595402,0.07714804356595402,0.07714804356595402,0.03408632513110125,0.04356595401371521,0.05465913674868899,0.06353368293666802,0.07462686567164178,0.06111335215812828,0.07583703106091166,0.07079467527228721,0.06575231948366277,0.06514723678902784,0.05344897135941912,0.030859217426381605,0.021581282775312627,0.01956434045986285,0.19,0.1145,0.3,0.2,0.1,0.055,0.0265,0.008,0.005,0.001,0.4481645824929407,0.036506655909640987,0.409035901573215,0.10629286002420331
77,77,Roscrea,County Tipperary,5403,Roscrea,5403,.5,.5,1.0,0.0,0.0,0.0,0.0,0.0,0.07714804356595402,0.07714804356595402,0.07714804356595402,0.07714804356595402,0.03408632513110125,0.04356595401371521,0.05465913674868899,0.06353368293666802,0.07462686567164178,0.06111335215812828,0.07583703106091166,0.07079467527228721,0.06575231948366277,0.06514723678902784,0.05344897135941912,0.030859217426381605,0.021581282775312627,0.01956434045986285,0.19,0.1145,0.3,0.2,0.1,0.055,0.0265,0.008,0.005,0.001,0.4481645824929407,0.036506655909640987,0.409035901573215,0.10629286002420331
78,78,Shannon,County Clare,9673,Shannon,9673,.5,.5,1.0,0.0,0.0,0.0,0.0,0.0,0.07714804356595402,0.07714804356595402,0.07714804356595402,0.07714804356595402,0.03408632513110125,0.04356595401371521,0.05465913674868899,0.06353368293666802,0.07462686567164178,0.06111335215812828,0.07583703106091166,0.07079467527228721,0.06575231948366277,0.06514723678902784,0.05344897135941912,0.030859217426381605,0.021581282775312627,0.01956434045986285,0.19,0.1145,0.3,0.2,0.1,0.055,0.0265,0.008,0.005,0.001,0.4481645824929407,0.036506655909640987,0.409035901573215,0.10629286002420331
79,79,Skerries,County Dublin,9671,Skerries,9671,.5,.5,1.0,0.0,0.0,0.0,0.0,0.0,0.07714804356595402,0.07714804356595402,0.07714804356595402,0.07714804356595402,0.03408632513110125,0.04356595401371521,0.05465913674868899,0.06353368293666802,0.07462686567164178,0.06111335215812828,0.07583703106091166,0.07079467527228721,0.06575231948366277,0.06514723678902784,0.05344897135941912,0.030859217426381605,0.021581282775312627,0.01956434045986285,0.19,0.1145,0.3,0.2,0.1,0.055,0.0265,0.008,0.005,0.001,0.4481645824929407,0.036506655909640987,0.409035901573215,0.10629286002420331
80,80,Skibbereen,County Cork,2098,Skibbereen,2098,.5,.5,1.0,0.0,0.0,0.0,0.0,0.0,0.07714804356595402,0.07714804356595402,0.07714804356595402,0.07714804356595402,0.03408632513110125,0.04356595401371521,0.05465913674868899,0.06353368293666802,0.07462686567164178,0.06111335215812828,0.07583703106091166,0.07079467527228721,0.06575231948366277,0.06514723678902784,0.05344897135941912,0.030859217426381605,0.021581282775312627,0.01956434045986285,0.19,0.1145,0.3,0.2,0.1,0.055,0.0265,0.008,0.005,0.001,0.4481645824929407,0.036506655909640987,0.409035901573215,0.10629286002420331
81,81,Sligo,County Sligo,20228,Sligo,20228,.5,.5,1.0,0.0,0.0,0.0,0.0,0.0,0.07714804356595402,0.07714804356595402,0.07714804356595402,0.07714804356595402,0.03408632513110125,0.04356595401371521,0.05465913674868899,0.06353368293666802,0.07462686567164178,0.06111335215812828,0.07583703106091166,0.07079467527228721,0.06575231948366277,0.06514723678902784,0.05344897135941912,0.030859217426381605,0.021581282775312627,0.01956434045986285,0.19,0.1145,0.3,0.2,0.1,0.055,0.0265,0.008,0.005,0.001,0.4481645824929407,0.036506655909640987,0.409035901573215,0.10629286002420331
82,82,Swords,County Dublin,36924,Swords,36924,.5,.5,1.0,0.0,0.0,0.0,0.0,0.0,0.07714804356595402,0.07714804356595402,0.07714804356595402,0.07714804356595402,0.03408632513110125,0.04356595401371521,0.05465913674868899,0.06353368293666802,0.07462686567164178,0.06111335215812828,0.07583703106091166,0.07079467527228721,0.06575231948366277,0.06514723678902784,0.05344897135941912,0.030859217426381605,0.021581282775312627,0.01956434045986285,0.19,0.1145,0.3,0.2,0.1,0.055,0.0265,0.008,0.005,0.001,0.4481645824929407,0.036506655909640987,0.409035901573215,0.10629286002420331
83,83,Thurles,County Tipperary,7588,Thurles,7588,.5,.5,1.0,0.0,0.0,0.0,0.0,0.0,0.07714804356595402,0.07714804356595402,0.07714804356595402,0.07714804356595402,0.03408632513110125,0.04356595401371521,0.05465913674868899,0.06353368293666802,0.07462686567164178,0.06111335215812828,0.07583703106091166,0.07079467527228721,0.06575231948366277,0.06514723678902784,0.05344897135941912,0.030859217426381605,0.021581282775312627,0.01956434045986285,0.19,0.1145,0.3,0.2,0.1,0.055,0.0265,0.008,0.005,0.001,0.4481645824929407,0.036506655909640987,0.409035901573215,0.10629286002420331
84,84,Tipperary,County Tipperary,4976,Tipperary,4976,.5,.5,1.0,0.0,0.0,0.0,0.0,0.0,0.07714804356595402,0.07714804356595402,0.07714804356595402,0.07714804356595402,0.03408632513110125,0.04356595401371521,0.05465913674868899,0.06353368293666802,0.07462686567164178,0.06111335215812828,0.07583703106091166,0.07079467527228721,0.06575231948366277,0.06514723678902784,0.05344897135941912,0.030859217426381605,0.021581282775312627,0.01956434045986285,0.19,0.1145,0.3,0.2,0.1,0.055,0.0265,0.008,0.005,0.001,0.4481645824929407,0.036506655909640987,0.409035901573215,0.10629286002420331
85,85,Tralee,County Kerry,22941,Tralee,22941,.5,.5,1.0,0.0,0.0,0.0,0.0,0.0,0.07714804356595402,0.07714804356595402,0.07714804356595402,0.07714804356595402,0.03408632513110125,0.04356595401371521,0.05465913674868899,0.06353368293666802,0.07462686567164178,0.06111335215812828,0.07583703106091166,0.07079467527228721,0.06575231948366277,0.06514723678902784,0.05344897135941912,0.030859217426381605,0.021581282775312627,0.01956434045986285,0.19,0.1145,0.3,0.2,0.1,0.055,0.0265,0.008,0.005,0.001,0.4481645824929407,0.036506655909640987,0.409035901573215,0.10629286002420331
86,86,Trim,County Meath,1800,Trim,1800,.5,.5,1.0,0.0,0.0,0.0,0.0,0.0,0.07714804356595402,0.07714804356595402,0.07714804356595402,0.07714804356595402,0.03408632513110125,0.04356595401371521,0.05465913674868899,0.06353368293666802,0.07462686567164178,0.06111335215812828,0.07583703106091166,0.07079467527228721,0.06575231948366277,0.06514723678902784,0.05344897135941912,0.030859217426381605,0.021581282775312627,0.01956434045986285,0.19,0.1145,0.3,0.2,0.1,0.055,0.0265,0.008,0.005,0.001,0.4481645824929407,0.036506655909640987,0.409035901573215,0.10629286002420331
87,87,Tuam,County Galway,6130,Tuam,6130,.5,.5,1.0,0.0,0.0,0.0,0.0,0.0,0.07714804356595402,0.07714804356595402,0.07714804356595402,0.07714804356595402,0.03408632513110125,0.04356595401371521,0.05465913674868899,0.06353368293666802,0.07462686567164178,0.06111335215812828,0.07583703106091166,0.07079467527228721,0.06575231948366277,0.06514723678902784,0.05344897135941912,0.030859217426381605,0.021581282775312627,0.01956434045986285,0.19,0.1145,0.3,0.2,0.1,0.055,0.0265,0.008,0.005,0.001,0.4481645824929407,0.036506655909640987,0.409035901573215,0.10629286002420331
88,88,Tullamore,County Offaly,11575,Tullamore,11575,.5,.5,1.0,0.0,0.0,0.0,0.0,0.0,0.07714804356595402,0.07714804356595402,0.07714804356595402,0.07714804356595402,0.03408632513110125,0.04356595401371521,0.05465913674868899,0.06353368293666802,0.07462686567164178,0.06111335215812828,0.07583703106091166,0.07079467527228721,0.06575231948366277,0.06514723678902784,0.05344897135941912,0.030859217426381605,0.021581282775312627,0.01956434045986285,0.19,0.1145,0.3,0.2,0.1,0.055,0.0265,0.008,0.005,0.001,0.4481645824929407,0.036506655909640987,0.409035901573215,0.10629286002420331
89,89,Waterford,County Waterford,47904,Waterford,47904,.5,.5,1.0,0.0,0.0,0.0,0.0,0.0,0.07714804356595402,0.07714804356595402,0.07714804356595402,0.07714804356595402,0.03408632513110125,0.04356595401371521,0.05465913674868899,0.06353368293666802,0.07462686567164178,0.06111335215812828,0.07583703106091166,0.07079467527228721,0.06575231948366277,0.06514723678902784,0.05344897135941912,0.030859217426381605,0.021581282775312627,0.01956434045986285,0.19,0.1145,0.3,0.2,0.1,0.055,0.0265,0.008,0.005,0.001,0.4481645824929407,0.036506655909640987,0.409035901573215,0.10629286002420331
90,90,Watergrasshill,County Cork,1161,Watergrasshill,1161,.5,.5,1.0,0.0,0.0,0.0,0.0,0.0,0.07714804356595402,0.07714804356595402,0.07714804356595402,0.07714804356595402,0.03408632513110125,0.04356595401371521,0.05465913674868899,0.06353368293666802,0.07462686567164178,0.06111335215812828,0.07583703106091166,0.07079467527228721,0.06575231948366277,0.06514723678902784,0.05344897135941912,0.030859217426381605,0.021581282775312627,0.01956434045986285,0.19,0.1145,0.3,0.2,0.1,0.055,0.0265,0.008,0.005,0.001,0.4481645824929407,0.036506655909640987,0.409035901573215,0.10629286002420331
91,91,Westport,County Mayo,6200,Westport,6200,.5,.5,1.0,0.0,0.0,0.0,0.0,0.0,0.07714804356595402,0.07714804356595402,0.07714804356595402,0.07714804356595402,0.03408632513110125,0.04356595401371521,0.05465913674868899,0.06353368293666802,0.07462686567164178,0.06111335215812828,0.07583703106091166,0.07079467527228721,0.06575231948366277,0.06514723678902784,0.05344897135941912,0.030859217426381605,0.021581282775312627,0.01956434045986285,0.19,0.1145,0.3,0.2,0.1,0.055,0.0265,0.008,0.005,0.001,0.4481645824929407,0.036506655909640987,0.409035901573215,0.10629286002420331
92,92,Wicklow,County Wicklow,14048,Wicklow,14048,.5,.5,1.0,0.0,0.0,0.0,0.0,0.0,0.07714804356595402,0.07714804356595402,0.07714804356595402,0.07714804356595402,0.03408632513110125,0.04356595401371521,0.05465913674868899,0.06353368293666802,0.07462686567164178,0.06111335215812828,0.07583703106091166,0.07079467527228721,0.06575231948366277,0.06514723678902784,0.05344897135941912,0.030859217426381605,0.021581282775312627,0.01956434045986285,0.19,0.1145,0.3,0.2,0.1,0.055,0.0265,0.008,0.005,0.001,0.4481645824929407,0.036506655909640987,0.409035901573215,0.10629286002420331
93,93,Youghal,County Cork,6868,Youghal,6868,.5,.5,1.0,0.0,0.0,0.0,0.0,0.0,0.07714804356595402,0.07714804356595402,0.07714804356595402,0.07714804356595402,0.03408632513110125,0.04356595401371521,0.05465913674868899,0.06353368293666802,0.07462686567164178,0.06111335215812828,0.07583703106091166,0.07079467527228721,0.06575231948366277,0.06514723678902784,0.05344897135941912,0.030859217426381605,0.021581282775312627,0.01956434045986285,0.19,0.1145,0.3,0.2,0.1,0.055,0.0265,0.008,0.005,0.001,0.4481645824929407,0.036506655909640987,0.409035901573215,0.10629286002420331
